,Date,Value,Ticker,pct
1,2021-12-31,191.03,TTEC,0.4220948410630536
2,2021-09-30,134.33,TTEC,0.22922767203513916
3,2021-06-30,109.28,TTEC,0.8760515021459228
4,2021-03-31,58.25,TTEC,-0.7254560022623369
5,2020-12-31,212.17,TTEC,0.5267323882852413
6,2020-09-30,138.97,TTEC,0.8938402834559827
7,2020-06-30,73.38,TTEC,0.6173683050473882
8,2020-03-31,45.37,TTEC,-0.7445382882882883
9,2019-12-31,177.6,TTEC,0.26576865512080383
10,2019-09-30,140.31,TTEC,0.5059568530642911
11,2019-06-30,93.17,TTEC,0.39517819706498947
12,2019-03-31,66.78,TTEC,-0.46546065796846237
13,2018-12-31,124.93,TTEC,-0.06969990319457875
14,2018-09-30,134.29,TTEC,0.52897643174314
15,2018-06-30,87.83,TTEC,0.4667668670674683
16,2018-03-31,59.88,TTEC,-0.022048015678588828
17,2017-12-31,61.23,TTEC,-0.42093815017968605
18,2017-09-30,105.74,TTEC,0.10272186880800915
19,2017-06-30,95.89,TTEC,0.5242409791766016
20,2017-03-31,62.91,TTEC,0.02945508100147265
21,2016-12-31,61.11,TTEC,-0.15207437213819885
22,2016-09-30,72.07,TTEC,1.6331750091340882
23,2016-06-30,27.37,TTEC,-13.671296296296296
24,2016-03-31,-2.16,TTEC,-1.0301633850020946
25,2015-12-31,71.61,TTEC,0.06721311475409841
26,2015-09-30,67.1,TTEC,0.19565217391304346
27,2015-06-30,56.12,TTEC,-7.086767895878524
28,2015-03-31,-9.22,TTEC,-1.346877351392024
29,2014-12-31,26.58,TTEC,1.709480122324159
30,2014-09-30,9.81,TTEC,-4.606617647058823
31,2014-06-30,-2.72,TTEC,0.9154929577464792
32,2014-03-31,-1.42,TTEC,-1.0162063455832002
33,2013-12-31,87.62,TTEC,0.956677087985708
34,2013-09-30,44.78,TTEC,0.6866290018832393
35,2013-06-30,26.55,TTEC,10.10878661087866
36,2013-03-31,2.39,TTEC,-0.964237617836301
37,2012-12-31,66.83,TTEC,1.176164115923152
38,2012-09-30,30.71,TTEC,-0.025388765471278996
39,2012-06-30,31.51,TTEC,2.80096501809409
40,2012-03-31,8.29,TTEC,-0.8930598555211559
41,2011-12-31,77.52,TTEC,2.7759376522162684
42,2011-09-30,20.53,TTEC,-0.4590250329380764
43,2011-06-30,37.95,TTEC,0.8297974927675991
44,2011-03-31,20.74,TTEC,-0.8073564926620843
45,2010-12-31,107.66,TTEC,0.04962464658282162
46,2010-09-30,102.57,TTEC,0.6458600770218228
47,2010-06-30,62.32,TTEC,0.39045069165551083
48,2010-03-31,44.82,TTEC,-0.6697126013264554
49,2009-12-31,135.7,TTEC,0.015794595403847422
50,2009-09-30,133.59,TTEC,0.6795323107870253
51,2009-06-30,79.54,TTEC,0.7458296751536435
52,2009-03-31,45.56,TTEC,
54,2021-12-31,67.24,CSV,0.2348943985307621
55,2021-09-30,54.45,CSV,0.6656469868461306
56,2021-06-30,32.69,CSV,0.4785165083672547
57,2021-03-31,22.11,CSV,-0.7100708103855232
58,2020-12-31,76.26,CSV,0.3196054680740614
59,2020-09-30,57.79,CSV,1.2914353687549562
60,2020-06-30,25.22,CSV,1.3330249768732654
61,2020-03-31,10.81,CSV,-0.6246527777777777
62,2019-12-31,28.8,CSV,0.17168429617575276
63,2019-09-30,24.58,CSV,0.8398203592814371
64,2019-06-30,13.36,CSV,0.7695364238410596
65,2019-03-31,7.55,CSV,-0.7871440654073865
66,2018-12-31,35.47,CSV,0.1950808625336926
67,2018-09-30,29.68,CSV,0.40000000000000013
68,2018-06-30,21.2,CSV,0.6536661466458658
69,2018-03-31,12.82,CSV,-0.5554785020804438
70,2017-12-31,28.84,CSV,0.659378596087457
71,2017-09-30,17.38,CSV,0.5165794066317624
72,2017-06-30,11.46,CSV,1.5869074492099324
73,2017-03-31,4.43,CSV,-0.8585568326947637
74,2016-12-31,31.32,CSV,0.7897142857142858
75,2016-09-30,17.5,CSV,0.5283842794759825
76,2016-06-30,11.45,CSV,0.5924895688456187
77,2016-03-31,7.19,CSV,-0.5408684546615581
78,2015-12-31,15.66,CSV,0.10671378091872796
79,2015-09-30,14.15,CSV,1.03012912482066
80,2015-06-30,6.97,CSV,0.12057877813504825
81,2015-03-31,6.22,CSV,-0.517455391776571
82,2014-12-31,12.89,CSV,0.35827186512118026
83,2014-09-30,9.49,CSV,1.6143250688705235
84,2014-06-30,3.63,CSV,-1.5442278860569716
85,2014-03-31,-6.67,CSV,-1.2288164665523156
86,2013-12-31,29.15,CSV,0.2253047498949139
87,2013-09-30,23.79,CSV,0.29645776566757487
88,2013-06-30,18.35,CSV,1.5102599179206568
89,2013-03-31,7.31,CSV,-0.523157208088715
90,2012-12-31,15.33,CSV,1.060483870967742
91,2012-09-30,7.44,CSV,-0.03626943005181338
92,2012-06-30,7.72,CSV,16.953488372093023
93,2012-03-31,0.43,CSV,-0.9790346172598733
94,2011-12-31,20.51,CSV,0.16999429549343992
95,2011-09-30,17.53,CSV,0.5721973094170405
96,2011-06-30,11.15,CSV,5.636904761904763
97,2011-03-31,1.68,CSV,-0.8940731399747793
98,2010-12-31,15.86,CSV,0.5765407554671966
99,2010-09-30,10.06,CSV,-0.04463437796771119
100,2010-06-30,10.53,CSV,9.323529411764705
101,2010-03-31,1.02,CSV,-0.8497790868924889
102,2009-12-31,6.79,CSV,2.5364583333333335
103,2009-09-30,1.92,CSV,-0.4934036939313985
104,2009-06-30,3.79,CSV,-2.6696035242290748
105,2009-03-31,-2.27,CSV,
107,2021-12-31,310.98,PPBI,0.24203211119098977
108,2021-09-30,250.38,PPBI,0.49632462798063703
109,2021-06-30,167.33,PPBI,0.6114214175654855
110,2021-03-31,103.84,PPBI,-0.4832031055591499
111,2020-12-31,200.93,PPBI,0.23672062534621774
112,2020-09-30,162.47,PPBI,0.6806661839246921
113,2020-06-30,96.67,PPBI,1.3740176817288803
114,2020-03-31,40.72,PPBI,-0.7720172442752365
115,2019-12-31,178.61,PPBI,0.4173147119504843
116,2019-09-30,126.02,PPBI,0.5565711462450593
117,2019-06-30,80.96,PPBI,0.920759193357058
118,2019-03-31,42.15,PPBI,-0.7736305048335124
119,2018-12-31,186.2,PPBI,0.43274853801169577
120,2018-09-30,129.96,PPBI,0.1824219816213266
121,2018-06-30,109.91,PPBI,2.3085490668272124
122,2018-03-31,33.22,PPBI,-0.4905689311455298
123,2017-12-31,65.21,PPBI,0.7389333333333332
124,2017-09-30,37.5,PPBI,-0.12790697674418605
125,2017-06-30,43.0,PPBI,4.834464043419267
126,2017-03-31,7.37,PPBI,-0.8802210303916789
127,2016-12-31,61.53,PPBI,0.5557522123893808
128,2016-09-30,39.55,PPBI,0.46644419725621056
129,2016-06-30,26.97,PPBI,1.5419415645617343
130,2016-03-31,10.61,PPBI,-0.5444396736796908
131,2015-12-31,23.29,PPBI,0.5620389000670689
132,2015-09-30,14.91,PPBI,1.4482758620689657
133,2015-06-30,6.09,PPBI,-36.8235294117647
134,2015-03-31,-0.17,PPBI,-1.014480408858603
135,2014-12-31,11.74,PPBI,0.20040899795501033
136,2014-09-30,9.78,PPBI,3.1617021276595745
137,2014-06-30,2.35,PPBI,-2.6433566433566433
138,2014-03-31,-1.43,PPBI,-1.11996644295302
139,2013-12-31,11.92,PPBI,0.5420439844760672
140,2013-09-30,7.73,PPBI,0.3443478260869566
141,2013-06-30,5.75,PPBI,-10.274193548387096
142,2013-03-31,-0.62,PPBI,-1.081151832460733
143,2012-12-31,7.64,PPBI,-7.586206896551724
144,2012-09-30,-1.16,PPBI,-1.4233576642335766
145,2012-06-30,2.74,PPBI,0.7452229299363058
146,2012-03-31,1.57,PPBI,-0.8289760348583878
147,2011-12-31,9.18,PPBI,0.06620209059233462
148,2011-09-30,8.61,PPBI,1.4322033898305082
149,2011-06-30,3.54,PPBI,-3.5467625899280577
150,2011-03-31,-1.39,PPBI,-1.1561797752808989
151,2010-12-31,8.9,PPBI,0.9955156950672646
152,2010-09-30,4.46,PPBI,-0.15370018975332067
153,2010-06-30,5.27,PPBI,1.4398148148148144
154,2010-03-31,2.16,PPBI,-0.6115107913669064
155,2009-12-31,5.56,PPBI,-0.17384843982169407
156,2009-09-30,6.73,PPBI,0.5542725173210163
157,2009-06-30,4.33,PPBI,2.255639097744361
158,2009-03-31,1.33,PPBI,
160,2021-12-31,,AEL,0.0
161,2021-09-30,622.23,AEL,0.012645249487354793
162,2021-06-30,614.46,AEL,0.3125
163,2021-03-31,468.16,AEL,0.3657341229324076
164,2020-12-31,,AEL,0.0
165,2020-09-30,342.79,AEL,-2.0096312441093307
166,2020-06-30,-339.52,AEL,-9.728020565552699
167,2020-03-31,,AEL,0.0
168,2019-12-31,,AEL,0.0
169,2019-09-30,,AEL,0.0
170,2019-06-30,,AEL,0.0
171,2019-03-31,,AEL,0.0
172,2018-12-31,38.9,AEL,-0.9332452422219553
173,2018-09-30,582.73,AEL,-4.981484012025144
174,2018-06-30,-146.36,AEL,-0.6705681102007742
175,2018-03-31,-444.28,AEL,-1.5359809870794177
176,2017-12-31,,AEL,0.0
177,2017-09-30,,AEL,0.0
178,2017-06-30,828.91,AEL,0.6690023155139435
179,2017-03-31,496.65,AEL,-0.473681421743692
180,2016-12-31,,AEL,0.0
181,2016-09-30,943.63,AEL,1.2367791025671413
182,2016-06-30,421.87,AEL,1.9841550541133195
183,2016-03-31,141.37,AEL,-0.7192198454785597
184,2015-12-31,503.49,AEL,6.174266172698774
185,2015-09-30,70.18,AEL,-0.7350798384356951
186,2015-06-30,264.91,AEL,-2.885346238701872
187,2015-03-31,-140.51,AEL,-1.1989015189049164
188,2014-12-31,706.43,AEL,0.45182703769164356
189,2014-09-30,486.58,AEL,0.23259702097476942
190,2014-06-30,394.76,AEL,7.231025854879066
191,2014-03-31,47.96,AEL,-0.9443438703987375
192,2013-12-31,861.72,AEL,0.4271613116926136
193,2013-09-30,603.8,AEL,0.22978532730457446
194,2013-06-30,490.98,AEL,0.3286247767494723
195,2013-03-31,369.54,AEL,-0.528395313816075
196,2012-12-31,783.58,AEL,-0.05509665127160024
197,2012-09-30,829.27,AEL,0.6580425872238329
198,2012-06-30,500.15,AEL,0.09315236159377527
199,2012-03-31,457.53,AEL,0.6788243496128867
200,2011-12-31,272.53,AEL,1.8567085953878402
201,2011-09-30,95.4,AEL,-0.47579537337216327
202,2011-06-30,181.99,AEL,-0.23227167264290238
203,2011-03-31,237.05,AEL,-0.4290153193949321
204,2010-12-31,415.16,AEL,2.184474955894761
205,2010-09-30,130.37,AEL,13.033369214208829
206,2010-06-30,9.29,AEL,-0.9480105210140467
207,2010-03-31,178.69,AEL,-0.652069784648935
208,2009-12-31,513.58,AEL,0.9893864270220019
209,2009-09-30,258.16,AEL,1.7097722263041883
210,2009-06-30,95.27,AEL,0.6057643687847631
211,2009-03-31,59.33,AEL,
213,2021-12-31,11.83,RHP,-1.1806382653840282
214,2021-09-30,-65.49,RHP,-0.3665731695521811
215,2021-06-30,-103.39,RHP,0.504511059371362
216,2021-03-31,-68.72,RHP,-0.7898406679103337
217,2020-12-31,-326.99,RHP,0.3802287788611709
218,2020-09-30,-236.91,RHP,0.22156337011446836
219,2020-06-30,-193.94,RHP,4.037402597402598
220,2020-03-31,-38.5,RHP,-1.1904526341825377
221,2019-12-31,202.15,RHP,0.6632384400197466
222,2019-09-30,121.54,RHP,0.7475197699496767
223,2019-06-30,69.55,RHP,11.223198594024604
224,2019-03-31,5.69,RHP,-0.9574420344053852
225,2018-12-31,133.7,RHP,0.44587433762301276
226,2018-09-30,92.47,RHP,1.5431793179317932
227,2018-06-30,36.36,RHP,-10.934426229508196
228,2018-03-31,-3.66,RHP,-1.0323121744504282
229,2017-12-31,113.27,RHP,0.27815391559467373
230,2017-09-30,88.62,RHP,1.5731707317073176
231,2017-06-30,34.44,RHP,55.45901639344262
232,2017-03-31,0.61,RHP,-0.9965265915043845
233,2016-12-31,175.62,RHP,0.5329958100558658
234,2016-09-30,114.56,RHP,0.6130667417628839
235,2016-06-30,71.02,RHP,0.7741693729702721
236,2016-03-31,40.03,RHP,-0.747045813586098
237,2015-12-31,158.25,RHP,0.7340565417488494
238,2015-09-30,91.26,RHP,1.2566765578635017
239,2015-06-30,40.44,RHP,-4.62041181736795
240,2015-03-31,-11.17,RHP,-1.057621872581893
241,2014-12-31,193.85,RHP,0.8203587191285566
242,2014-09-30,106.49,RHP,0.9036467643904182
243,2014-06-30,55.94,RHP,3.529554655870445
244,2014-03-31,12.35,RHP,-0.8774071868175501
245,2013-12-31,100.74,RHP,1.473968565815324
246,2013-09-30,40.72,RHP,-2.6903279369032793
247,2013-06-30,-24.09,RHP,-0.5773684210526315
248,2013-03-31,-57.0,RHP,-1.7016248153618907
249,2012-12-31,81.24,RHP,0.5892018779342723
250,2012-09-30,51.12,RHP,1.5108055009823183
251,2012-06-30,20.36,RHP,-2.2869785082174463
252,2012-03-31,-15.82,RHP,-1.7416783872480077
253,2011-12-31,21.33,RHP,-2.9532967032967035
254,2011-09-30,-10.92,RHP,-0.49885268471776045
255,2011-06-30,-21.79,RHP,-0.5208883025505717
256,2011-03-31,-45.48,RHP,-0.1754894851341552
257,2010-12-31,-55.16,RHP,1.598210080075365
258,2010-09-30,-21.23,RHP,-1.783105864994467
259,2010-06-30,27.11,RHP,0.3595787362086258
260,2010-03-31,19.94,RHP,-0.7151021574510644
261,2009-12-31,69.99,RHP,1.1675441313100028
262,2009-09-30,32.29,RHP,1.9542543458371453
263,2009-06-30,10.93,RHP,-1.4124528301886792
264,2009-03-31,-26.5,RHP,
266,2021-12-31,17.0,LXFR,-0.6743295019157088
267,2021-09-30,52.2,LXFR,1.5096153846153846
268,2021-06-30,20.8,LXFR,0.5072463768115942
269,2021-03-31,13.8,LXFR,-0.6682692307692308
270,2020-12-31,41.6,LXFR,0.30000000000000004
271,2020-09-30,32.0,LXFR,5.274509803921569
272,2020-06-30,5.1,LXFR,-1.7285714285714286
273,2020-03-31,-7.0,LXFR,0.14754098360655754
274,2019-12-31,-6.1,LXFR,-0.7312775330396476
275,2019-09-30,-22.7,LXFR,0.05581395348837215
276,2019-06-30,-21.5,LXFR,0.9545454545454546
277,2019-03-31,-11.0,LXFR,-1.222672064777328
278,2018-12-31,49.4,LXFR,0.5583596214511042
279,2018-09-30,31.7,LXFR,0.8114285714285714
280,2018-06-30,17.5,LXFR,1.5
281,2018-03-31,7.0,LXFR,-0.7535211267605634
282,2017-12-31,28.4,LXFR,0.2792792792792793
283,2017-09-30,22.2,LXFR,0.5102040816326532
284,2017-06-30,14.7,LXFR,1.0136986301369864
285,2017-03-31,7.3,LXFR,-0.4427480916030534
286,2016-12-31,13.1,LXFR,0.6582278481012658
287,2016-09-30,7.9,LXFR,0.38596491228070184
288,2016-06-30,5.7,LXFR,-29.5
289,2016-03-31,-0.2,LXFR,-1.0053333333333334
290,2015-12-31,37.5,LXFR,0.2975778546712804
291,2015-09-30,28.9,LXFR,0.5052083333333333
292,2015-06-30,19.2,LXFR,2.5555555555555554
293,2015-03-31,5.4,LXFR,1.076923076923077
294,2014-12-31,2.6,LXFR,-1.3661971830985915
295,2014-09-30,-7.1,LXFR,-0.37168141592920356
296,2014-06-30,-11.3,LXFR,5.277777777777778
297,2014-03-31,-1.8,LXFR,-1.1384615384615384
298,2013-12-31,13.0,LXFR,-0.1719745222929936
299,2013-09-30,15.7,LXFR,0.8255813953488371
300,2013-06-30,8.6,LXFR,0.5087719298245612
301,2013-03-31,5.7,LXFR,-0.8853118712273642
302,2012-12-31,49.7,LXFR,0.1918465227817745
303,2012-09-30,41.7,LXFR,
308,2021-12-31,392.11,MELI,-3.4461010605115407
309,2021-09-30,-160.3,MELI,-0.3922044437703799
310,2021-06-30,-263.74,MELI,-0.2979476668352543
311,2021-03-31,-375.67,MELI,-1.401451195793883
312,2020-12-31,935.78,MELI,0.2208957950082846
313,2020-09-30,766.47,MELI,0.6313078642119825
314,2020-06-30,469.85,MELI,-4.591301689215012
315,2020-03-31,-130.83,MELI,-1.416271596296414
316,2019-12-31,314.29,MELI,0.1550957403800215
317,2019-09-30,272.09,MELI,1.8774323181049066
318,2019-06-30,94.56,MELI,-0.10318664643399089
319,2019-03-31,105.44,MELI,-0.20929883764529433
320,2018-12-31,133.35,MELI,0.05381697486960646
321,2018-09-30,126.54,MELI,1.0867414248021108
322,2018-06-30,60.64,MELI,-2.0116783450116786
323,2018-03-31,-59.94,MELI,-1.3087144622991347
324,2017-12-31,194.16,MELI,0.020122944359796113
325,2017-09-30,190.33,MELI,-0.007767698884370677
326,2017-06-30,191.82,MELI,1.085453359425962
327,2017-03-31,91.98,MELI,-0.18831627250264726
328,2016-12-31,113.32,MELI,0.3170618317061831
329,2016-09-30,86.04,MELI,10.786301369863015
330,2016-06-30,7.3,MELI,-1.2680866691149468
331,2016-03-31,-27.23,MELI,-1.171430370183833
332,2015-12-31,158.84,MELI,1.1337990327780765
333,2015-09-30,74.44,MELI,0.019028062970568138
334,2015-06-30,73.05,MELI,1.367141931302657
335,2015-03-31,30.86,MELI,-0.8099402599002279
336,2014-12-31,162.37,MELI,0.4244231950171069
337,2014-09-30,113.99,MELI,0.5557526955097585
338,2014-06-30,73.27,MELI,2.546466602129719
339,2014-03-31,20.66,MELI,-0.28164116828929076
340,2013-12-31,28.76,MELI,-0.3848128342245989
341,2013-09-30,46.75,MELI,1.2187944945420028
342,2013-06-30,21.07,MELI,-0.22622107969151672
343,2013-03-31,27.23,MELI,-0.778869579340588
344,2012-12-31,123.14,MELI,0.7095654588365958
345,2012-09-30,72.03,MELI,0.43571855690651784
346,2012-06-30,50.17,MELI,2.2812295618051017
347,2012-03-31,15.29,MELI,-0.7831205673758865
348,2011-12-31,70.5,MELI,0.559389515593895
349,2011-09-30,45.21,MELI,1.2064421669106884
350,2011-06-30,20.49,MELI,0.6685667752442996
351,2011-03-31,12.28,MELI,-0.77542062911485
352,2010-12-31,54.68,MELI,0.7391857506361323
353,2010-09-30,31.44,MELI,0.4168544389364579
354,2010-06-30,22.19,MELI,1.2057654075546718
355,2010-03-31,10.06,MELI,-0.7808278867102396
356,2009-12-31,45.9,MELI,0.9117034568929612
357,2009-09-30,24.01,MELI,1.2149446494464948
358,2009-06-30,10.84,MELI,2.463258785942492
359,2009-03-31,3.13,MELI,
361,2021-12-31,-197.56,EQIX,-0.3400587920897916
362,2021-09-30,-299.36,EQIX,-0.15221885531420798
363,2021-06-30,-353.11,EQIX,0.5611902024935891
364,2021-03-31,-226.18,EQIX,-2.400148570013619
365,2020-12-31,161.54,EQIX,2.1649686520376172
366,2020-09-30,51.04,EQIX,-0.5951134380453753
367,2020-06-30,126.06,EQIX,0.5852615694164991
368,2020-03-31,79.52,EQIX,-0.22668481960517362
369,2019-12-31,102.83,EQIX,2.0306513409961684
370,2019-09-30,33.93,EQIX,-0.6872522813162503
371,2019-06-30,108.49,EQIX,1.1086491739552962
372,2019-03-31,51.45,EQIX,-1.1140772931864038
373,2018-12-31,-451.01,EQIX,0.5927181551718048
374,2018-09-30,-283.17,EQIX,2.9263727121464225
375,2018-06-30,-72.12,EQIX,0.13539042821158698
376,2018-03-31,-63.52,EQIX,-5.815769522365429
377,2017-12-31,13.19,EQIX,-1.6982530439385917
378,2017-09-30,-18.89,EQIX,-0.7404506732618852
379,2017-06-30,-72.78,EQIX,2.0528523489932886
380,2017-03-31,-23.84,EQIX,-1.0326821577901157
381,2016-12-31,729.45,EQIX,-0.07870972630940798
382,2016-09-30,791.77,EQIX,-12.349913990825687
383,2016-06-30,-69.76,EQIX,-0.19305957200694035
384,2016-03-31,-86.45,EQIX,6.46545768566494
385,2015-12-31,-11.58,EQIX,-1.3416937149601653
386,2015-09-30,33.89,EQIX,-0.04615817618913598
387,2015-06-30,35.53,EQIX,-0.19995496509795085
388,2015-03-31,44.41,EQIX,2.572807723250201
389,2014-12-31,12.43,EQIX,-0.7442912980868135
390,2014-09-30,48.61,EQIX,-5.109044801352494
391,2014-06-30,-11.83,EQIX,-1.2413300693594451
392,2014-03-31,49.02,EQIX,-2.1635414194160933
393,2013-12-31,-42.13,EQIX,4.7319727891156464
394,2013-09-30,-7.35,EQIX,-1.2462311557788945
395,2013-06-30,29.85,EQIX,2.5076380728554644
396,2013-03-31,8.51,EQIX,-1.0541589766435435
397,2012-12-31,-157.13,EQIX,0.24944338422391854
398,2012-09-30,-125.76,EQIX,4.932075471698114
399,2012-06-30,-21.2,EQIX,0.08717948717948709
400,2012-03-31,-19.5,EQIX,-0.8453976056449695
401,2011-12-31,-126.13,EQIX,0.05530455153949121
402,2011-09-30,-119.52,EQIX,-0.07969507969507972
403,2011-06-30,-129.87,EQIX,0.7962655601659752
404,2011-03-31,-72.3,EQIX,-0.6409950841650529
405,2010-12-31,-201.39,EQIX,0.21268139940988728
406,2010-09-30,-166.07,EQIX,0.2266046236797401
407,2010-06-30,-135.39,EQIX,2.105987611837577
408,2010-03-31,-43.59,EQIX,2.1024911032028473
409,2009-12-31,-14.05,EQIX,-3.7123552123552126
410,2009-09-30,5.18,EQIX,-1.365819209039548
411,2009-06-30,-14.16,EQIX,-0.3604336043360433
412,2009-03-31,-22.14,EQIX,
414,2021-12-31,100.34,CCOI,0.25976145637162573
415,2021-09-30,79.65,CCOI,0.46982838162022533
416,2021-06-30,54.19,CCOI,0.711623499684144
417,2021-03-31,31.66,CCOI,-0.6247481332227095
418,2020-12-31,84.37,CCOI,0.34647302904564325
419,2020-09-30,62.66,CCOI,0.4582266697696067
420,2020-06-30,42.97,CCOI,1.7562540089801155
421,2020-03-31,15.59,CCOI,-0.8469317623956799
422,2019-12-31,101.85,CCOI,0.5514089870525511
423,2019-09-30,65.65,CCOI,0.4832806145503843
424,2019-06-30,44.26,CCOI,1.883387622149837
425,2019-03-31,15.35,CCOI,-0.8172183853298405
426,2018-12-31,83.98,CCOI,0.5494464944649446
427,2018-09-30,54.2,CCOI,0.568287037037037
428,2018-06-30,34.56,CCOI,1.2632612966601182
429,2018-03-31,15.27,CCOI,-0.7682852807283763
430,2017-12-31,65.9,CCOI,0.4592559787422501
431,2017-09-30,45.16,CCOI,0.6542124542124541
432,2017-06-30,27.3,CCOI,1.4223602484472053
433,2017-03-31,11.27,CCOI,-0.8203411445879165
434,2016-12-31,62.73,CCOI,0.7400832177531207
435,2016-09-30,36.05,CCOI,0.6416211293260472
436,2016-06-30,21.96,CCOI,0.7539936102236422
437,2016-03-31,12.52,CCOI,-0.740410532863363
438,2015-12-31,48.23,CCOI,0.5463289515870469
439,2015-09-30,31.19,CCOI,1.131920710868079
440,2015-06-30,14.63,CCOI,1.6794871794871797
441,2015-03-31,5.46,CCOI,-0.5803228285933897
442,2014-12-31,13.01,CCOI,0.606172839506173
443,2014-09-30,8.1,CCOI,0.09164420485175206
444,2014-06-30,7.42,CCOI,-2.4869739478957915
445,2014-03-31,-4.99,CCOI,-1.152041438147471
446,2013-12-31,32.82,CCOI,1.407923697725605
447,2013-09-30,13.63,CCOI,0.5331833520809899
448,2013-06-30,8.89,CCOI,-7.5851851851851855
449,2013-03-31,-1.35,CCOI,-1.037910699241786
450,2012-12-31,35.61,CCOI,1.6183823529411767
451,2012-09-30,13.6,CCOI,0.4639397201291713
452,2012-06-30,9.29,CCOI,22.224999999999998
453,2012-03-31,0.4,CCOI,-0.986648865153538
454,2011-12-31,29.96,CCOI,1.288770053475936
455,2011-09-30,13.09,CCOI,0.9743589743589745
456,2011-06-30,6.63,CCOI,9.523809523809524
457,2011-03-31,0.63,CCOI,-0.9663461538461539
458,2010-12-31,18.72,CCOI,1.2101534828807554
459,2010-09-30,8.47,CCOI,0.41402337228714536
460,2010-06-30,5.99,CCOI,0.5050251256281408
461,2010-03-31,3.98,CCOI,-0.46505376344086025
462,2009-12-31,7.44,CCOI,-7.2
463,2009-09-30,-1.2,CCOI,-2.666666666666667
464,2009-06-30,0.72,CCOI,-0.3271028037383178
465,2009-03-31,1.07,CCOI,
467,2021-12-31,,DLR,0.0
468,2021-09-30,,DLR,0.0
469,2021-06-30,,DLR,0.0
470,2021-03-31,,DLR,0.0
471,2020-12-31,,DLR,0.0
472,2020-09-30,,DLR,0.0
473,2020-06-30,,DLR,0.0
474,2020-03-31,753.02,DLR,-0.01940306281904358
475,2019-12-31,,DLR,0.0
476,2019-09-30,,DLR,0.0
477,2019-06-30,767.92,DLR,1.2478777589134125
478,2019-03-31,341.62,DLR,-0.5687650689859756
479,2018-12-31,,DLR,0.0
480,2018-09-30,,DLR,0.0
481,2018-06-30,792.19,DLR,1.1171927198866825
482,2018-03-31,374.17,DLR,-0.46307058705353943
483,2017-12-31,696.87,DLR,0.060039549741405684
484,2017-09-30,657.4,DLR,0.3569187582562747
485,2017-06-30,484.48,DLR,1.3577963792096557
486,2017-03-31,205.48,DLR,-0.4827829238824003
487,2016-12-31,397.28,DLR,2.512954284198426
488,2016-09-30,113.09,DLR,-0.7374457316648481
489,2016-06-30,430.73,DLR,1.002929551267147
490,2016-03-31,215.05,DLR,-0.7564993885592645
491,2015-12-31,883.16,DLR,0.3057736379093663
492,2015-09-30,676.35,DLR,0.3738853115033822
493,2015-06-30,492.29,DLR,1.70192096597146
494,2015-03-31,182.2,DLR,-0.7278688034890146
495,2014-12-31,669.53,DLR,0.37703872812159345
496,2014-09-30,486.21,DLR,0.37654653039268426
497,2014-06-30,353.21,DLR,2.0341895026200496
498,2014-03-31,116.41,DLR,-0.7658123440894826
499,2013-12-31,497.08,DLR,0.6735009931656737
500,2013-09-30,297.03,DLR,0.9044046932102325
501,2013-06-30,155.97,DLR,13.361878453038674
502,2013-03-31,10.86,DLR,0.26279069767441854
503,2012-12-31,,DLR,0.0
504,2012-09-30,,DLR,0.0
505,2012-06-30,8.6,DLR,-1.154509522098455
506,2012-03-31,-55.66,DLR,-1.2723758257890874
507,2011-12-31,204.35,DLR,0.11380607183735769
508,2011-09-30,183.47,DLR,0.0793622779150489
509,2011-06-30,169.98,DLR,1.6895569620253164
510,2011-03-31,63.2,DLR,-1.0658353906892923
511,2010-12-31,-959.97,DLR,0.019541829072718953
512,2010-09-30,-941.57,DLR,2.270362265985898
513,2010-06-30,-287.91,DLR,-0.09405286343612329
514,2010-03-31,-317.8,DLR,-3.1795487277964476
515,2009-12-31,145.81,DLR,-0.18746168849261624
516,2009-09-30,179.45,DLR,0.44275607010773443
517,2009-06-30,124.38,DLR,2.0057999033349443
518,2009-03-31,41.38,DLR,
520,2021-12-31,-0.65,SOHO,-1.3385416666666667
521,2021-09-30,1.92,SOHO,16.454545454545453
522,2021-06-30,0.11,SOHO,-1.0625
523,2021-03-31,-1.76,SOHO,-0.8843626806833115
524,2020-12-31,-15.22,SOHO,0.6312968917470525
525,2020-09-30,-9.33,SOHO,0.18101265822784796
526,2020-06-30,-7.9,SOHO,27.21428571428571
527,2020-03-31,-0.28,SOHO,-1.0809248554913296
528,2019-12-31,3.46,SOHO,-0.2638297872340426
529,2019-09-30,4.7,SOHO,-0.15921288014311263
530,2019-06-30,5.59,SOHO,54.9
531,2019-03-31,0.1,SOHO,-1.0013218770654329
532,2018-12-31,-75.65,SOHO,-0.00799895095725145
533,2018-09-30,-76.26,SOHO,0.02956662616443917
534,2018-06-30,-74.07,SOHO,-0.06264236902050113
535,2018-03-31,-79.02,SOHO,12.71875
536,2017-12-31,-5.76,SOHO,8.29032258064516
537,2017-09-30,-0.62,SOHO,-1.5636363636363635
538,2017-06-30,1.1,SOHO,-0.05982905982905973
539,2017-03-31,1.17,SOHO,-0.6432926829268293
540,2016-12-31,3.28,SOHO,-0.23720930232558146
541,2016-09-30,4.3,SOHO,-0.07922912205567456
542,2016-06-30,4.67,SOHO,1.7964071856287425
543,2016-03-31,1.67,SOHO,-1.052383939774153
544,2015-12-31,-31.88,SOHO,0.0676490288010716
545,2015-09-30,-29.86,SOHO,21.283582089552237
546,2015-06-30,-1.34,SOHO,0.16521739130434798
547,2015-03-31,-1.15,SOHO,-0.9794862647163753
548,2014-12-31,-56.06,SOHO,0.13069786204114564
549,2014-09-30,-49.58,SOHO,-0.03352826510721241
550,2014-06-30,-51.3,SOHO,-0.12784767086025162
551,2014-03-31,-58.82,SOHO,1.258832565284178
552,2013-12-31,-26.04,SOHO,-7.9625668449197855
553,2013-09-30,3.74,SOHO,-0.015789473684210464
554,2013-06-30,3.8,SOHO,2.877551020408163
555,2013-03-31,0.98,SOHO,-0.8398692810457516
556,2012-12-31,6.12,SOHO,0.06065857885615267
557,2012-09-30,5.77,SOHO,1.0388692579505299
558,2012-06-30,2.83,SOHO,0.9790209790209792
559,2012-03-31,1.43,SOHO,-0.10625000000000007
560,2011-12-31,1.6,SOHO,-0.50920245398773
561,2011-09-30,3.26,SOHO,0.9289940828402365
562,2011-06-30,1.69,SOHO,-0.37174721189591076
563,2011-03-31,2.69,SOHO,0.4619565217391304
564,2010-12-31,1.84,SOHO,-0.136150234741784
565,2010-09-30,2.13,SOHO,-0.2876254180602008
566,2010-06-30,2.99,SOHO,-6.75
567,2010-03-31,-0.52,SOHO,-0.9458896982310093
568,2009-12-31,-9.61,SOHO,0.08587570621468932
569,2009-09-30,-8.85,SOHO,0.18473895582329325
570,2009-06-30,-7.47,SOHO,-0.08004926108374377
571,2009-03-31,-8.12,SOHO,
573,2021-12-31,-17.53,VYNT,0.20813232253618197
574,2021-09-30,-14.51,VYNT,0.29669347631814125
575,2021-06-30,-11.19,VYNT,1.4273318872017349
576,2021-03-31,-4.61,VYNT,-0.2146507666098807
577,2020-12-31,-5.87,VYNT,0.34942528735632195
578,2020-09-30,-4.35,VYNT,1.1534653465346532
579,2020-06-30,-2.02,VYNT,0.31168831168831157
580,2020-03-31,-1.54,VYNT,-0.8227848101265822
581,2019-12-31,-8.69,VYNT,0.4107142857142856
582,2019-09-30,-6.16,VYNT,0.2622950819672132
583,2019-06-30,-4.88,VYNT,0.08928571428571419
584,2019-03-31,-4.48,VYNT,-0.6435958631662688
585,2018-12-31,-12.57,VYNT,0.09685863874345535
586,2018-09-30,-11.46,VYNT,0.41307028360049336
587,2018-06-30,-8.11,VYNT,0.7292110874200424
588,2018-03-31,-4.69,VYNT,-0.6841750841750842
589,2017-12-31,-14.85,VYNT,0.29807692307692313
590,2017-09-30,-11.44,VYNT,0.46854942233632846
591,2017-06-30,-7.79,VYNT,2.031128404669261
592,2017-03-31,-2.57,VYNT,-0.8598691384950927
593,2016-12-31,-18.34,VYNT,0.03968253968253954
594,2016-09-30,-17.64,VYNT,0.3653250773993808
595,2016-06-30,-12.92,VYNT,1.1145662847790505
596,2016-03-31,-6.11,VYNT,-0.5817932922655715
597,2015-12-31,-14.61,VYNT,0.406159769008662
598,2015-09-30,-10.39,VYNT,0.363517060367454
599,2015-06-30,-7.62,VYNT,1.38871473354232
600,2015-03-31,-3.19,VYNT,-0.7673231218088986
601,2014-12-31,-13.71,VYNT,0.5491525423728816
602,2014-09-30,-8.85,VYNT,0.4274193548387095
603,2014-06-30,-6.2,VYNT,1.9807692307692308
604,2014-03-31,-2.08,VYNT,-0.7503001200480193
605,2013-12-31,-8.33,VYNT,0.2488755622188905
606,2013-09-30,-6.67,VYNT,0.7506561679790025
607,2013-06-30,-3.81,VYNT,5.68421052631579
608,2013-03-31,-0.57,VYNT,-0.926261319534282
609,2012-12-31,-7.73,VYNT,0.33275862068965534
610,2012-09-30,-5.8,VYNT,0.4043583535108959
611,2012-06-30,-4.13,VYNT,0.28660436137071654
612,2012-03-31,-3.21,VYNT,
616,2021-12-31,-15.91,DTIL,-2.7144396551724137
617,2021-09-30,9.28,DTIL,-0.7264150943396226
618,2021-06-30,33.92,DTIL,-0.4933532486930545
619,2021-03-31,66.95,DTIL,-1.7244103008006926
620,2020-12-31,-92.42,DTIL,0.18684987800179775
621,2020-09-30,-77.87,DTIL,0.42619047619047623
622,2020-06-30,-54.6,DTIL,1.021473528322843
623,2020-03-31,-27.01,DTIL,-0.7177048494983278
624,2019-12-31,-95.68,DTIL,0.37471264367816115
625,2019-09-30,-69.6,DTIL,0.4004024144869214
626,2019-06-30,-49.7,DTIL,0.9887955182072832
627,2019-03-31,-24.99,DTIL,-0.6213062585240188
628,2018-12-31,-65.99,DTIL,0.527546296296296
629,2018-09-30,-43.2,DTIL,0.693453547628381
630,2018-06-30,-25.51,DTIL,0.692767086927671
631,2018-03-31,-15.07,DTIL,
634,2021-12-31,1.35,WLDN,-1.2057926829268293
635,2021-09-30,-6.56,WLDN,0.7400530503978779
636,2021-06-30,-3.77,WLDN,-1.8706697459584296
637,2021-03-31,4.33,WLDN,-0.8968310698117703
638,2020-12-31,41.97,WLDN,0.8311518324607328
639,2020-09-30,22.92,WLDN,-0.12851711026615964
640,2020-06-30,26.3,WLDN,0.8365921787709498
641,2020-03-31,14.32,WLDN,1.8469184890656063
642,2019-12-31,5.03,WLDN,0.8629629629629629
643,2019-09-30,2.7,WLDN,-0.6973094170403586
644,2019-06-30,8.92,WLDN,0.038416763678696064
645,2019-03-31,8.59,WLDN,0.5561594202898552
646,2018-12-31,5.52,WLDN,-0.4931129476584023
647,2018-09-30,10.89,WLDN,2.050420168067227
648,2018-06-30,3.57,WLDN,-1.519650655021834
649,2018-03-31,-6.87,WLDN,-1.7727784026996625
650,2017-12-31,8.89,WLDN,41.333333333333336
651,2017-09-30,0.21,WLDN,-0.962962962962963
652,2017-06-30,5.67,WLDN,-3.8781725888324874
653,2017-03-31,-1.97,WLDN,-1.09874686716792
654,2016-12-31,19.95,WLDN,0.298828125
655,2016-09-30,15.36,WLDN,1.4575999999999998
656,2016-06-30,6.25,WLDN,-4.324468085106384
657,2016-03-31,-1.88,WLDN,-1.3339253996447602
658,2015-12-31,5.63,WLDN,0.3901234567901235
659,2015-09-30,4.05,WLDN,1.6999999999999997
660,2015-06-30,1.5,WLDN,-1.5952380952380953
661,2015-03-31,-2.52,WLDN,-1.2208588957055215
662,2014-12-31,11.41,WLDN,1.033868092691622
663,2014-09-30,5.61,WLDN,0.375
664,2014-06-30,4.08,WLDN,-0.13006396588486147
665,2014-03-31,4.69,WLDN,4.043010752688172
666,2013-12-31,0.93,WLDN,-0.7621483375959079
667,2013-09-30,3.91,WLDN,0.9948979591836735
668,2013-06-30,1.96,WLDN,2.0153846153846153
669,2013-03-31,0.65,WLDN,-0.8502304147465438
670,2012-12-31,4.34,WLDN,0.0
671,2012-09-30,4.34,WLDN,5.112676056338028
672,2012-06-30,0.71,WLDN,-1.7888888888888888
673,2012-03-31,-0.9,WLDN,-0.15094339622641506
674,2011-12-31,-1.06,WLDN,-1.3840579710144927
675,2011-09-30,2.76,WLDN,1.0909090909090908
676,2011-06-30,1.32,WLDN,1.8085106382978728
677,2011-03-31,0.47,WLDN,-1.8545454545454545
678,2010-12-31,-0.55,WLDN,-1.5729166666666667
679,2010-09-30,0.96,WLDN,-1.4948453608247423
680,2010-06-30,-1.94,WLDN,0.3197278911564625
681,2010-03-31,-1.47,WLDN,-1.8305084745762712
682,2009-12-31,1.77,WLDN,0.1132075471698113
683,2009-09-30,1.59,WLDN,0.30327868852459017
684,2009-06-30,1.22,WLDN,-0.22292993630573255
685,2009-03-31,1.57,WLDN,
687,2021-12-31,-33.89,AQST,0.3395256916996048
688,2021-09-30,-25.3,AQST,0.5665634674922602
689,2021-06-30,-16.15,AQST,0.13732394366197176
690,2021-03-31,-14.2,AQST,-0.6911700739451936
691,2020-12-31,-45.98,AQST,0.42662116040955644
692,2020-09-30,-32.23,AQST,0.3496649916247905
693,2020-06-30,-23.88,AQST,0.7342047930283224
694,2020-03-31,-13.77,AQST,-0.7737801872843766
695,2019-12-31,-60.87,AQST,0.21230830511850218
696,2019-09-30,-50.21,AQST,0.42117180866119464
697,2019-06-30,-35.33,AQST,0.9562569213732004
698,2019-03-31,-18.06,AQST,0.21862348178137636
699,2018-12-31,-14.82,AQST,0.2875760208514335
700,2018-09-30,-11.51,AQST,-29.073170731707318
701,2018-06-30,0.41,AQST,-0.2264150943396227
702,2018-03-31,0.53,AQST,-0.9528888888888889
704,2017-09-30,11.25,AQST,-3.8553299492385786
705,2017-06-30,-3.94,AQST,
707,2021-12-31,64.7,EFC,0.11628709454796415
708,2021-09-30,57.96,EFC,0.3507340946166395
709,2021-06-30,42.91,EFC,3.7519379844961236
710,2021-03-31,9.03,EFC,-0.930129990714949
711,2020-12-31,129.24,EFC,0.4339287695550873
712,2020-09-30,90.13,EFC,0.21665766738660897
713,2020-06-30,74.08,EFC,1.068695895001396
714,2020-03-31,35.81,EFC,-0.6525662171339865
715,2019-12-31,103.07,EFC,0.677025707777416
716,2019-09-30,61.46,EFC,0.405442487994512
717,2019-06-30,43.73,EFC,1.1064547206165698
718,2019-03-31,20.76,EFC,-1.0420089845805172
719,2018-12-31,-494.18,EFC,0.17368483553022207
720,2018-09-30,-421.05,EFC,0.8822924583128438
721,2018-06-30,-223.69,EFC,0.7939690432272035
722,2018-03-31,-124.69,EFC,-0.7306504223100685
723,2017-12-31,-462.93,EFC,2.7281952162358056
724,2017-09-30,-124.17,EFC,0.07711658570437208
725,2017-06-30,-115.28,EFC,0.07137546468401501
726,2017-03-31,-107.6,EFC,-2.5439804850050223
727,2016-12-31,69.69,EFC,-0.5741521539871678
728,2016-09-30,163.65,EFC,0.832997311827957
729,2016-06-30,89.28,EFC,-5.698947368421052
730,2016-03-31,-19.0,EFC,-1.0290408865112723
731,2015-12-31,654.25,EFC,0.6807100470110721
732,2015-09-30,389.27,EFC,0.07186716964506967
733,2015-06-30,363.17,EFC,0.07399083247079719
734,2015-03-31,338.15,EFC,-1.5597027277542372
735,2014-12-31,-604.16,EFC,0.7683594321674228
736,2014-09-30,-341.65,EFC,-8.055968608013217
737,2014-06-30,48.42,EFC,-0.27012360566777205
738,2014-03-31,66.34,EFC,-1.2714624764710698
739,2013-12-31,-244.38,EFC,-0.3385481513560331
740,2013-09-30,-369.46,EFC,0.16394682124629822
741,2013-06-30,-317.42,EFC,10.960060286360212
742,2013-03-31,-26.54,EFC,-0.4836575875486381
743,2012-12-31,-51.4,EFC,-1.2773880194279545
744,2012-09-30,185.3,EFC,11.040285899935023
745,2012-06-30,15.39,EFC,-1.4943784131063285
746,2012-03-31,-31.13,EFC,-0.3439409905163331
747,2011-12-31,-47.45,EFC,-0.26113360323886636
748,2011-09-30,-64.22,EFC,-5.330411328388402
749,2011-06-30,14.83,EFC,-1.1580517958009167
750,2011-03-31,-93.83,EFC,-0.7300244569126744
751,2010-12-31,-347.55,EFC,-3.9049648946840523
752,2010-09-30,119.64,EFC,-0.2399949180536145
753,2010-06-30,157.42,EFC,0.1467074592074591
754,2010-03-31,137.28,EFC,-1.5067926757235677
756,2009-09-30,-270.88,EFC,
758,2021-09-30,,PMT,0.0
759,2021-06-30,,PMT,0.0
760,2021-03-31,,PMT,0.0
761,2020-12-31,715.16,PMT,0.038209163230938925
762,2020-09-30,688.84,PMT,-1.7793365615241887
763,2020-06-30,,PMT,0.0
764,2020-03-31,,PMT,0.0
765,2019-12-31,,PMT,0.0
766,2019-09-30,,PMT,0.0
767,2019-06-30,-883.88,PMT,-6.4627935723114955
768,2019-03-31,161.8,PMT,-1.3409474039109912
769,2018-12-31,-474.56,PMT,-0.3379371922041323
770,2018-09-30,-716.79,PMT,0.35861180083018995
771,2018-06-30,-527.59,PMT,-4.405564162148206
772,2018-03-31,154.92,PMT,-0.6028201512626588
773,2017-12-31,390.05,PMT,-0.0799405576260791
774,2017-09-30,423.94,PMT,0.09040870392757006
775,2017-06-30,388.79,PMT,-0.15224264625716843
776,2017-03-31,458.61,PMT,-2.185467611022075
777,2016-12-31,-386.86,PMT,-0.36714161854438965
778,2016-09-30,-611.29,PMT,13.285814442626782
779,2016-06-30,-42.79,PMT,-2.6886345698500396
780,2016-03-31,25.34,PMT,-1.0407159843177582
781,2015-12-31,-622.36,PMT,0.7709862842183142
782,2015-09-30,-351.42,PMT,-0.488583278760096
783,2015-06-30,,PMT,0.0
784,2015-03-31,-687.15,PMT,2.8334728033472802
785,2014-12-31,-179.25,PMT,-0.30059697998361234
786,2014-09-30,-256.29,PMT,-0.4732720882915099
787,2014-06-30,-486.57,PMT,-4.387191089453532
788,2014-03-31,143.65,PMT,-2.1838635239821986
789,2013-12-31,-121.34,PMT,-0.6367935823754789
790,2013-09-30,-334.08,PMT,-0.11516050429070879
791,2013-06-30,-377.56,PMT,0.676926493448812
792,2013-03-31,-225.15,PMT,-0.6708525817203672
793,2012-12-31,-684.04,PMT,0.24836207683182754
794,2012-09-30,-547.95,PMT,1.84915765391015
795,2012-06-30,-192.32,PMT,-3.3603338242513496
796,2012-03-31,81.48,PMT,-1.3691387668191908
797,2011-12-31,-220.73,PMT,5.196799550814149
798,2011-09-30,-35.62,PMT,1.6365655070318281
799,2011-06-30,-13.51,PMT,-0.053258584442887114
800,2011-03-31,-14.27,PMT,2.08207343412527
801,2010-12-31,-4.63,PMT,-0.7805687203791469
802,2010-09-30,-21.1,PMT,0.6343919442292798
803,2010-06-30,-12.91,PMT,3.7814814814814808
804,2010-03-31,-2.7,PMT,2.802816901408451
806,2009-09-30,-0.71,PMT,
809,2021-12-31,-26.86,RKDA,0.334326875310482
810,2021-09-30,-20.13,RKDA,0.7278969957081545
811,2021-06-30,-11.65,RKDA,1.2447013487475913
812,2021-03-31,-5.19,RKDA,-0.840552995391705
813,2020-12-31,-32.55,RKDA,0.276470588235294
814,2020-09-30,-25.5,RKDA,0.39344262295081966
815,2020-06-30,-18.3,RKDA,0.8208955223880596
816,2020-03-31,-10.05,RKDA,-0.4614147909967845
817,2019-12-31,-18.66,RKDA,0.4287901990811638
818,2019-09-30,-13.06,RKDA,0.49427917620137296
819,2019-06-30,-8.74,RKDA,1.1527093596059115
820,2019-03-31,-4.06,RKDA,-0.7072819033886085
821,2018-12-31,-13.87,RKDA,0.2586206896551724
822,2018-09-30,-11.02,RKDA,0.5787965616045843
823,2018-06-30,-6.98,RKDA,1.643939393939394
824,2018-03-31,-2.64,RKDA,-0.811965811965812
825,2017-12-31,-14.04,RKDA,0.2359154929577465
826,2017-09-30,-11.36,RKDA,0.26644370122630967
827,2017-06-30,-8.97,RKDA,0.9585152838427948
828,2017-03-31,-4.58,RKDA,-0.735106998264893
829,2016-12-31,-17.29,RKDA,0.32999999999999985
830,2016-09-30,-13.0,RKDA,0.43646408839778994
831,2016-06-30,-9.05,RKDA,0.8136272545090182
832,2016-03-31,-4.99,RKDA,-0.6727868852459016
833,2015-12-31,-15.25,RKDA,0.3567615658362988
834,2015-09-30,-11.24,RKDA,0.7004538577912254
835,2015-06-30,-6.61,RKDA,1.5325670498084292
836,2015-03-31,-2.61,RKDA,-0.8250670241286864
837,2014-12-31,-14.92,RKDA,0.22697368421052633
838,2014-09-30,-12.16,RKDA,0.4441805225653206
839,2014-06-30,-8.42,RKDA,2.9530516431924885
840,2014-03-31,-2.13,RKDA,
843,2021-12-31,-18.1,NUWE,0.30403458213256496
844,2021-09-30,-13.88,NUWE,0.4860813704496789
845,2021-06-30,-9.34,NUWE,0.7169117647058822
846,2021-03-31,-5.44,NUWE,-0.6769596199524941
847,2020-12-31,-16.84,NUWE,0.25953627524308165
848,2020-09-30,-13.37,NUWE,0.5141562853907133
849,2020-06-30,-8.83,NUWE,0.6025408348457351
850,2020-03-31,-5.51,NUWE,-0.6731909845788849
851,2019-12-31,-16.86,NUWE,0.31718749999999996
852,2019-09-30,-12.8,NUWE,0.41749723145071993
853,2019-06-30,-9.03,NUWE,0.824242424242424
854,2019-03-31,-4.95,NUWE,-0.6646341463414633
855,2018-12-31,-14.76,NUWE,0.2279534109816972
856,2018-09-30,-12.02,NUWE,0.39767441860465125
857,2018-06-30,-8.6,NUWE,0.6895874263261297
858,2018-03-31,-5.09,NUWE,-0.5821018062397373
859,2017-12-31,-12.18,NUWE,0.35634743875278385
860,2017-09-30,-8.98,NUWE,0.56993006993007
861,2017-06-30,-5.72,NUWE,2.5527950310559
862,2017-03-31,-1.61,NUWE,-0.9018890920170628
863,2016-12-31,-16.41,NUWE,0.20043891733723473
864,2016-09-30,-13.67,NUWE,0.490730643402399
865,2016-06-30,-9.17,NUWE,0.6087719298245613
866,2016-03-31,-5.7,NUWE,-0.7542043984476068
867,2015-12-31,-23.19,NUWE,0.2596414991852254
868,2015-09-30,-18.41,NUWE,0.4271317829457364
869,2015-06-30,-12.9,NUWE,0.8016759776536313
870,2015-03-31,-7.16,NUWE,-0.688695652173913
871,2014-12-31,-23.0,NUWE,0.3097949886104785
872,2014-09-30,-17.56,NUWE,0.4584717607973421
873,2014-06-30,-12.04,NUWE,0.789004457652303
874,2014-03-31,-6.73,NUWE,-0.6189127972819932
875,2013-12-31,-17.66,NUWE,0.49155405405405417
876,2013-09-30,-11.84,NUWE,0.5599472990777339
877,2013-06-30,-7.59,NUWE,0.8422330097087378
878,2013-03-31,-4.12,NUWE,-0.6888217522658611
879,2012-12-31,-13.24,NUWE,0.3510204081632653
880,2012-09-30,-9.8,NUWE,0.4161849710982659
881,2012-06-30,-6.92,NUWE,0.4238683127572016
882,2012-03-31,-4.86,NUWE,-0.6407982261640798
883,2011-12-31,-13.53,NUWE,0.39628482972136214
884,2011-09-30,-9.69,NUWE,0.5479233226837061
885,2011-06-30,-6.26,NUWE,1.2277580071174374
886,2011-03-31,-2.81,NUWE,
889,2021-12-31,3.49,IROQ,22.26666666666667
890,2021-09-30,0.15,IROQ,-0.9772382397572079
891,2021-06-30,6.59,IROQ,0.48089887640449436
892,2021-03-31,4.45,IROQ,0.9181034482758623
893,2020-12-31,2.32,IROQ,1.0350877192982457
894,2020-09-30,1.14,IROQ,-0.8308605341246291
895,2020-06-30,6.74,IROQ,0.446351931330472
896,2020-03-31,4.66,IROQ,0.3390804597701149
897,2019-12-31,3.48,IROQ,0.9550561797752808
898,2019-09-30,1.78,IROQ,-0.6204690831556503
899,2019-06-30,4.69,IROQ,0.6456140350877193
900,2019-03-31,2.85,IROQ,0.5833333333333333
901,2018-12-31,1.8,IROQ,-4.829787234042554
902,2018-09-30,-0.47,IROQ,22.499999999999996
903,2018-06-30,-0.02,IROQ,-0.9914163090128756
904,2018-03-31,-2.33,IROQ,-0.07905138339920936
905,2017-12-31,-2.53,IROQ,-0.20189274447949535
906,2017-09-30,-3.17,IROQ,-1.710762331838565
907,2017-06-30,4.46,IROQ,0.02764976958525356
908,2017-03-31,4.34,IROQ,0.8235294117647058
909,2016-12-31,2.38,IROQ,0.5454545454545454
910,2016-09-30,1.54,IROQ,-0.6986301369863014
911,2016-06-30,5.11,IROQ,0.21377672209026133
912,2016-03-31,4.21,IROQ,0.8304347826086957
913,2015-12-31,2.3,IROQ,0.3529411764705881
914,2015-09-30,1.7,IROQ,-0.6749521988527725
915,2015-06-30,5.23,IROQ,0.351421188630491
916,2015-03-31,3.87,IROQ,0.751131221719457
917,2014-12-31,2.21,IROQ,0.9385964912280702
918,2014-09-30,1.14,IROQ,-0.7828571428571429
919,2014-06-30,5.25,IROQ,0.4747191011235954
920,2014-03-31,3.56,IROQ,0.47107438016528924
921,2013-12-31,2.42,IROQ,0.7536231884057971
922,2013-09-30,1.38,IROQ,-0.7570422535211268
923,2013-06-30,5.68,IROQ,0.6608187134502923
924,2013-03-31,3.42,IROQ,0.6132075471698113
925,2012-12-31,2.12,IROQ,1.12
926,2012-09-30,1.0,IROQ,-0.8165137614678899
927,2012-06-30,5.45,IROQ,0.5889212827988337
928,2012-03-31,3.43,IROQ,0.2943396226415096
929,2011-12-31,2.65,IROQ,2.3974358974358974
930,2011-09-30,0.78,IROQ,-0.8378378378378378
931,2011-06-30,4.81,IROQ,0.7427536231884058
932,2011-03-31,2.76,IROQ,0.541899441340782
933,2010-12-31,1.79,IROQ,2.196428571428571
934,2010-09-30,0.56,IROQ,-0.29999999999999993
936,2010-03-31,0.8,IROQ,
938,2021-12-31,-5.4,FPI,0.6615384615384616
939,2021-09-30,-3.25,FPI,-1.5898366606170597
940,2021-06-30,5.51,FPI,-0.8487095002745744
941,2021-03-31,36.42,FPI,-0.005733005733005725
942,2020-12-31,36.63,FPI,0.771276595744681
943,2020-09-30,20.68,FPI,0.38420348058902287
944,2020-06-30,14.94,FPI,0.25651808242220353
945,2020-03-31,11.89,FPI,-0.7306908267270669
946,2019-12-31,44.15,FPI,0.22502774694783567
947,2019-09-30,36.04,FPI,-0.14312886352829302
948,2019-06-30,42.06,FPI,1.5693341478313987
949,2019-03-31,16.37,FPI,1.7466442953020138
950,2018-12-31,5.96,FPI,9.456140350877194
951,2018-09-30,0.57,FPI,-1.0289487049263586
952,2018-06-30,-19.69,FPI,0.15823529411764703
953,2018-03-31,-17.0,FPI,-0.9250473964992725
954,2017-12-31,-226.81,FPI,0.9942847093994549
955,2017-09-30,-113.73,FPI,0.08666157080068793
956,2017-06-30,-104.66,FPI,0.22009792492422475
957,2017-03-31,-85.78,FPI,-0.3521637338569594
958,2016-12-31,-132.41,FPI,0.06963405767832609
959,2016-09-30,-123.79,FPI,0.18675103058191933
960,2016-06-30,-104.31,FPI,0.18386108273748736
961,2016-03-31,-88.11,FPI,-0.19305797234178956
962,2015-12-31,-109.19,FPI,0.13033126293995867
963,2015-09-30,-96.6,FPI,0.2038883349950149
964,2015-06-30,-80.24,FPI,8.67913148371532
965,2015-03-31,-8.29,FPI,-0.9334190024897598
966,2014-12-31,-124.51,FPI,2.5301956336830167
967,2014-09-30,-35.27,FPI,0.1655651024454725
968,2014-06-30,-30.26,FPI,215.14285714285714
969,2014-03-31,-0.14,FPI,-8.0
970,2013-12-31,0.02,FPI,-1.0108108108108107
971,2013-09-30,-1.85,FPI,0.29370629370629375
972,2013-06-30,-1.43,FPI,7.9375
973,2013-03-31,-0.16,FPI,
976,2021-12-31,702.0,NAVI,0.3146067415730338
977,2021-09-30,534.0,NAVI,0.6036036036036037
978,2021-06-30,333.0,NAVI,0.8603351955307263
979,2021-03-31,179.0,NAVI,-0.8186423505572442
980,2020-12-31,987.0,NAVI,0.2095588235294117
981,2020-09-30,816.0,NAVI,0.37142857142857144
982,2020-06-30,595.0,NAVI,0.3134657836644592
983,2020-03-31,453.0,NAVI,-0.4548736462093863
984,2019-12-31,,NAVI,0.0
985,2019-09-30,831.0,NAVI,0.5919540229885059
986,2019-06-30,522.0,NAVI,1.7765957446808511
987,2019-03-31,188.0,NAVI,-0.7129770992366412
988,2018-12-31,,NAVI,0.0
989,2018-09-30,655.0,NAVI,0.3589211618257262
990,2018-06-30,482.0,NAVI,0.6971830985915493
991,2018-03-31,284.0,NAVI,-0.6892778993435449
992,2017-12-31,,NAVI,0.0
993,2017-09-30,914.0,NAVI,0.45079365079365075
994,2017-06-30,630.0,NAVI,0.7647058823529411
995,2017-03-31,357.0,NAVI,-0.5369649805447471
996,2016-12-31,,NAVI,0.0
997,2016-09-30,,NAVI,0.0
998,2016-06-30,771.0,NAVI,1.2543859649122808
999,2016-03-31,342.0,NAVI,-0.31462925851703405
1000,2015-12-31,,NAVI,0.0
1001,2015-09-30,,NAVI,0.0
1002,2015-06-30,,NAVI,0.0
1003,2015-03-31,499.0,NAVI,-0.10573476702508966
1004,2014-12-31,,NAVI,0.0
1005,2014-09-30,,NAVI,0.0
1006,2014-06-30,,NAVI,0.0
1007,2014-03-31,558.0,NAVI,-0.41509433962264153
1008,2013-12-31,,NAVI,0.0
1009,2013-09-30,,NAVI,0.0
1010,2013-06-30,954.0,NAVI,0.8034026465028354
1011,2013-03-31,529.0,NAVI,
1015,2022-01-31,-51.92,GMS,-0.4402156334231806
1016,2021-10-31,-92.75,GMS,0.13664215686274517
1017,2021-07-31,-81.6,GMS,-1.649216325881136
1018,2021-04-30,125.69,GMS,1.4231733179101602
1019,2021-01-31,51.87,GMS,3.014705882352941
1020,2020-10-31,12.92,GMS,-1.642466434609647
1021,2020-07-31,-20.11,GMS,-1.0717906611452235
1022,2020-04-30,280.12,GMS,1.419416134047331
1023,2020-01-31,115.78,GMS,1.0546583850931674
1024,2019-10-31,56.35,GMS,-4.113259668508287
1025,2019-07-31,-18.1,GMS,-1.1028292239518236
1026,2019-04-30,176.02,GMS,0.8935025817555939
1027,2019-01-31,92.96,GMS,1.5029617662897143
1028,2018-10-31,37.14,GMS,-1.723271665043817
1029,2018-07-31,-51.35,GMS,-1.729507032248899
1030,2018-04-30,70.39,GMS,0.2717253839205058
1031,2018-01-31,55.35,GMS,1.1705882352941175
1032,2017-10-31,25.5,GMS,4.743243243243243
1033,2017-07-31,4.44,GMS,-0.9270096991615979
1034,2017-04-30,60.83,GMS,0.8608137044967881
1035,2017-01-31,32.69,GMS,-11.86046511627907
1036,2016-10-31,-3.01,GMS,-0.9070700833590615
1037,2016-07-31,-32.39,GMS,-1.649228302264983
1038,2016-04-30,49.89,GMS,1.4136429608127719
1039,2016-01-31,20.67,GMS,17.96330275229358
1040,2015-10-31,1.09,GMS,-1.0560411311053985
1041,2015-07-31,-19.45,GMS,
1046,2021-12-31,-0.54,RETC,-0.1428571428571428
1047,2021-09-30,-0.63,RETC,0.4651162790697674
1048,2021-06-30,-0.43,RETC,0.5925925925925926
1049,2021-03-31,-0.27,RETC,-0.5573770491803278
1050,2020-12-31,-0.61,RETC,0.5641025641025641
1051,2020-09-30,-0.39,RETC,0.8571428571428572
1052,2020-06-30,-0.21,RETC,-3.9999999999999996
1053,2020-03-31,0.07,RETC,
1057,2021-12-31,-1.07,WORX,0.44594594594594605
1058,2021-09-30,-0.74,WORX,0.5416666666666667
1059,2021-06-30,-0.48,WORX,0.11627906976744184
1060,2021-03-31,-0.43,WORX,-0.5520833333333333
1061,2020-12-31,-0.96,WORX,-0.16521739130434776
1062,2020-09-30,-1.15,WORX,0.1499999999999999
1063,2020-06-30,-1.0,WORX,2.4482758620689657
1064,2020-03-31,-0.29,WORX,-0.9395833333333333
1065,2019-12-31,-4.8,WORX,0.10091743119266039
1066,2019-09-30,-4.36,WORX,0.07389162561576379
1067,2019-06-30,-4.06,WORX,0.5675675675675675
1068,2019-03-31,-2.59,WORX,9.791666666666666
1069,2018-12-31,-0.24,WORX,-1.5853658536585367
1070,2018-09-30,0.41,WORX,-0.359375
1071,2018-06-30,0.64,WORX,63.0
1072,2018-03-31,0.01,WORX,-1.0017152658662092
1073,2017-12-31,-5.83,WORX,0.27292576419213965
1074,2017-09-30,-4.58,WORX,0.4585987261146496
1075,2017-06-30,-3.14,WORX,1.378787878787879
1076,2017-03-31,-1.32,WORX,-0.380281690140845
1077,2016-12-31,-2.13,WORX,1.4767441860465116
1078,2016-09-30,-0.86,WORX,2.44
1079,2016-06-30,-0.25,WORX,1.0833333333333335
1080,2016-03-31,-0.12,WORX,-0.4
1082,2015-09-30,-0.2,WORX,
1084,2021-12-31,-62.46,SURF,0.3420713364847443
1085,2021-09-30,-46.54,SURF,0.49023374959974375
1086,2021-06-30,-31.23,SURF,0.6471518987341771
1087,2021-03-31,-18.96,SURF,-1.6330550918196995
1088,2020-12-31,29.95,SURF,-1.7075360264587762
1089,2020-09-30,-42.33,SURF,0.3199251637043965
1090,2020-06-30,-32.07,SURF,1.055769230769231
1091,2020-03-31,-15.6,SURF,-0.7470817120622568
1092,2019-12-31,-61.68,SURF,0.2794026135656502
1093,2019-09-30,-48.21,SURF,0.43695976154992566
1094,2019-06-30,-33.55,SURF,0.749217935349322
1095,2019-03-31,-19.18,SURF,0.2585301837270342
1096,2018-12-31,-15.24,SURF,83.66666666666667
1097,2018-09-30,-0.18,SURF,-1.0146818923327896
1098,2018-06-30,12.26,SURF,-0.5984277759580741
1099,2018-03-31,30.53,SURF,-3.1216122307157748
1100,2017-12-31,-14.39,SURF,-23.138461538461538
1101,2017-09-30,0.65,SURF,-0.9360865290068829
1102,2017-06-30,10.17,SURF,-3.2205240174672487
1103,2017-03-31,-4.58,SURF,
1106,2021-12-31,-49.47,BXRX,0.34795640326975463
1107,2021-09-30,-36.7,BXRX,0.520928305014505
1108,2021-06-30,-24.13,BXRX,0.713778409090909
1109,2021-03-31,-14.08,BXRX,-0.6850111856823267
1110,2020-12-31,-44.7,BXRX,0.5035317860746722
1111,2020-09-30,-29.73,BXRX,0.6872871736662882
1112,2020-06-30,-17.62,BXRX,1.792393026941363
1113,2020-03-31,-6.31,BXRX,-0.8557384545038866
1115,2019-09-30,-43.74,BXRX,
1118,2021-09-30,-7.83,LUCD,0.9822784810126581
1120,2020-09-30,-3.95,LUCD,
1122,2021-12-31,-255.09,QS,0.53946891973446
1123,2021-09-30,-165.7,QS,0.6892649607503312
1124,2021-06-30,-98.09,QS,1.826801152737752
1125,2021-03-31,-34.7,QS,-0.5934864104967197
1126,2020-12-31,-85.36,QS,0.777222569227566
1127,2020-09-30,-48.03,QS,0.5061147695202257
1128,2020-06-30,-31.89,QS,0.9421437271619975
1129,2020-03-31,-16.42,QS,
1132,2021-12-31,-34.59,RBOT,0.44305381727158966
1133,2021-09-30,-23.97,RBOT,26.872093023255815
1134,2021-06-30,-0.86,RBOT,11.285714285714285
1135,2021-03-31,-0.07,RBOT,-0.9915764139590855
1137,2020-09-30,-8.31,RBOT,
1144,2021-12-31,-0.76,RCHG,0.5833333333333335
1145,2021-09-30,-0.48,RCHG,0.4117647058823528
1146,2021-06-30,-0.34,RCHG,0.5454545454545456
1147,2021-03-31,-0.22,RCHG,6.333333333333334
1149,2020-09-30,-0.03,RCHG,
1151,2021-09-30,-0.99,PV,0.19277108433734935
1152,2021-06-30,-0.83,PV,-0.011904761904761862
1153,2021-03-31,-0.84,PV,
1157,2021-12-31,-1.15,LFTR,0.5753424657534245
1158,2021-09-30,-0.73,LFTR,0.6222222222222222
1159,2021-06-30,-0.45,LFTR,3.5
1160,2021-03-31,-0.1,LFTR,-inf
1162,2020-09-30,0.0,LFTR,
1165,2021-09-30,-3.89,CTKB,0.04010695187165769
1166,2021-06-30,-3.74,CTKB,-2.7235023041474653
1168,2020-09-30,2.17,CTKB,3.822222222222222
1169,2020-06-30,0.45,CTKB,
1171,2021-12-31,-0.31,NSTC,1.5833333333333335
1173,2021-06-30,-0.12,NSTC,-inf
1174,2021-03-31,0.0,NSTC,
1177,2021-12-31,-1.28,FMIV,0.16363636363636358
1178,2021-09-30,-1.1,FMIV,0.25
1179,2021-06-30,-0.88,FMIV,-9.799999999999999
1180,2021-03-31,0.1,FMIV,
1195,2021-12-31,-99.34,CTO,-20.749502982107355
1196,2021-09-30,5.03,CTO,-1.0818285342443468
1197,2021-06-30,-61.47,CTO,1.1891025641025643
1198,2021-03-31,-28.08,CTO,-0.5697211155378487
1199,2020-12-31,-65.26,CTO,-0.3717146433041302
1200,2020-09-30,-103.87,CTO,0.1418049906562604
1201,2020-06-30,-90.97,CTO,-0.32203010880906247
1202,2020-03-31,-134.18,CTO,-2.831558831558832
1203,2019-12-31,73.26,CTO,2.3682758620689657
1204,2019-09-30,21.75,CTO,-0.5611380145278451
1205,2019-06-30,49.56,CTO,0.7681056011416341
1206,2019-03-31,28.03,CTO,-1.5077898550724638
1207,2018-12-31,-55.2,CTO,-4.493670886075949
1208,2018-09-30,15.8,CTO,0.6475495307612098
1209,2018-06-30,9.59,CTO,-2.148502994011976
1210,2018-03-31,-8.35,CTO,-0.7748112189859763
1211,2017-12-31,-37.08,CTO,59.78688524590164
1212,2017-09-30,-0.61,CTO,-0.5413533834586466
1213,2017-06-30,-1.33,CTO,-1.2250423011844331
1214,2017-03-31,5.91,CTO,-1.174490699734278
1215,2016-12-31,-33.87,CTO,3.4565789473684205
1216,2016-09-30,-7.6,CTO,-1.553935860058309
1217,2016-06-30,13.72,CTO,-4.482233502538071
1218,2016-03-31,-3.94,CTO,-0.8887634105025409
1219,2015-12-31,-35.42,CTO,0.6676082862523542
1220,2015-09-30,-21.24,CTO,12.443037974683543
1221,2015-06-30,-1.58,CTO,2.7619047619047623
1222,2015-03-31,-0.42,CTO,-0.9847936278059377
1223,2014-12-31,-27.62,CTO,1.5574074074074074
1224,2014-09-30,-10.8,CTO,-0.2697768762677484
1225,2014-06-30,-14.79,CTO,14.24742268041237
1226,2014-03-31,-0.97,CTO,-0.6433823529411765
1227,2013-12-31,-2.72,CTO,-0.8471910112359551
1228,2013-09-30,-17.8,CTO,0.3293502613890964
1229,2013-06-30,-13.39,CTO,-0.21604215456674458
1230,2013-03-31,-17.08,CTO,0.2978723404255317
1231,2012-12-31,-13.16,CTO,-5.2727272727272725
1232,2012-09-30,3.08,CTO,-0.04049844236760125
1233,2012-06-30,3.21,CTO,3.52112676056338
1234,2012-03-31,0.71,CTO,-1.330232558139535
1235,2011-12-31,-2.15,CTO,1.2395833333333335
1236,2011-09-30,-0.96,CTO,-0.42168674698795183
1237,2011-06-30,-1.66,CTO,1.8135593220338984
1238,2011-03-31,-0.59,CTO,-0.6666666666666667
1239,2010-12-31,-1.77,CTO,-3.107142857142857
1240,2010-09-30,0.84,CTO,4.6
1241,2010-06-30,0.15,CTO,-1.75
1242,2010-03-31,-0.2,CTO,-0.946236559139785
1243,2009-12-31,-3.72,CTO,2.444444444444444
1244,2009-09-30,-1.08,CTO,-0.5263157894736841
1245,2009-06-30,-2.28,CTO,0.0
1246,2009-03-31,-2.28,CTO,
1248,2022-03-31,976.0,CSX,0.05399568034557234
1249,2021-12-31,,CSX,0.0
1250,2021-09-30,,CSX,0.0
1251,2021-06-30,,CSX,0.0
1252,2021-03-31,926.0,CSX,0.11298076923076916
1253,2020-12-31,,CSX,0.0
1254,2020-09-30,,CSX,0.0
1255,2020-06-30,,CSX,0.0
1256,2020-03-31,832.0,CSX,-0.04147465437788023
1257,2019-12-31,,CSX,0.0
1258,2019-09-30,,CSX,0.0
1259,2019-06-30,,CSX,0.0
1260,2019-03-31,868.0,CSX,0.3353846153846154
1261,2018-12-31,,CSX,0.0
1262,2018-09-30,,CSX,0.0
1263,2018-06-30,,CSX,0.0
1264,2018-03-31,650.0,CSX,0.03668261562998398
1265,2017-12-31,,CSX,0.0
1266,2017-09-30,,CSX,0.0
1267,2017-06-30,627.0,CSX,0.019512195121951237
1268,2017-03-31,615.0,CSX,-0.266109785202864
1269,2016-12-31,838.0,CSX,-0.06681514476614703
1270,2016-09-30,898.0,CSX,0.7072243346007605
1271,2016-06-30,526.0,CSX,0.5987841945288754
1272,2016-03-31,329.0,CSX,-0.6554973821989529
1273,2015-12-31,955.0,CSX,0.4714946070878274
1274,2015-09-30,649.0,CSX,0.903225806451613
1275,2015-06-30,341.0,CSX,2.7065217391304346
1276,2015-03-31,92.0,CSX,-0.9037656903765691
1277,2014-12-31,956.0,CSX,0.1920199501246882
1278,2014-09-30,802.0,CSX,0.5247148288973384
1279,2014-06-30,526.0,CSX,3.241935483870968
1280,2014-03-31,124.0,CSX,-0.8472906403940886
1281,2013-12-31,,CSX,0.0
1282,2013-09-30,812.0,CSX,0.6437246963562753
1283,2013-06-30,494.0,CSX,1.0583333333333331
1284,2013-03-31,240.0,CSX,-0.6965865992414665
1285,2012-12-31,791.0,CSX,0.6687763713080168
1286,2012-09-30,474.0,CSX,5.970588235294118
1287,2012-06-30,68.0,CSX,-3.72
1288,2012-03-31,-25.0,CSX,-1.0390625
1289,2011-12-31,,CSX,0.0
1290,2011-09-30,,CSX,0.0
1291,2011-06-30,640.0,CSX,4.517241379310345
1292,2011-03-31,116.0,CSX,-0.8421768707482993
1293,2010-12-31,,CSX,0.0
1294,2010-09-30,,CSX,0.0
1295,2010-06-30,735.0,CSX,0.7668269230769231
1296,2010-03-31,416.0,CSX,-0.3677811550151976
1297,2009-12-31,658.0,CSX,0.1792114695340501
1298,2009-09-30,558.0,CSX,0.7770700636942676
1299,2009-06-30,314.0,CSX,1.2428571428571429
1300,2009-03-31,140.0,CSX,
1302,2021-12-31,-69.7,VAL,0.691747572815534
1303,2021-09-30,-41.2,VAL,-0.210727969348659
1304,2021-06-30,-52.2,VAL,0.5352941176470589
1305,2021-03-31,-34.0,VAL,-0.8842356145726932
1306,2020-12-31,-293.7,VAL,-0.32498276258331427
1307,2020-09-30,-435.1,VAL,0.0016114180478823403
1308,2020-06-30,-434.4,VAL,0.8862353452019103
1309,2020-03-31,-230.3,VAL,-0.5263266145619087
1310,2019-12-31,-486.2,VAL,-0.1853217158176943
1311,2019-09-30,-596.8,VAL,0.4085437809771064
1312,2019-06-30,-423.7,VAL,6.979284369114877
1313,2019-03-31,-53.1,VAL,
1316,2021-12-31,191.72,CVBF,0.41532555736010623
1317,2021-09-30,135.46,CVBF,0.9473835537665325
1318,2021-06-30,69.56,CVBF,0.4665823318574742
1319,2021-03-31,47.43,CVBF,-0.7401950043821209
1320,2020-12-31,182.56,CVBF,0.3256844092658484
1321,2020-09-30,137.71,CVBF,0.44153669004501217
1322,2020-06-30,95.53,CVBF,0.2797052913596785
1323,2020-03-31,74.65,CVBF,-0.6418289991363593
1324,2019-12-31,208.42,CVBF,0.3909503470368392
1325,2019-09-30,149.84,CVBF,0.7533348935174353
1326,2019-06-30,85.46,CVBF,0.46135430916552655
1327,2019-03-31,58.48,CVBF,-0.6362279173923862
1328,2018-12-31,160.76,CVBF,0.4216483905199857
1329,2018-09-30,113.08,CVBF,0.6852459016393444
1330,2018-06-30,67.1,CVBF,0.25773195876288635
1331,2018-03-31,53.35,CVBF,-0.6120846360794008
1332,2017-12-31,137.53,CVBF,0.2834079880552445
1333,2017-09-30,107.16,CVBF,0.7272727272727273
1334,2017-06-30,62.04,CVBF,0.10489759572573476
1335,2017-03-31,56.15,CVBF,-0.4983023588277341
1336,2016-12-31,111.92,CVBF,0.16741420673829133
1337,2016-09-30,95.87,CVBF,0.69501414427157
1338,2016-06-30,56.56,CVBF,0.8593030900723209
1339,2016-03-31,30.42,CVBF,-0.7094555873925501
1340,2015-12-31,104.7,CVBF,0.2446504992867331
1341,2015-09-30,84.12,CVBF,0.7111472742066722
1342,2015-06-30,49.16,CVBF,0.7582260371959941
1343,2015-03-31,27.96,CVBF,-0.6766508615704869
1344,2014-12-31,86.47,CVBF,0.3266339367904263
1345,2014-09-30,65.18,CVBF,1.0394242803504383
1346,2014-06-30,31.96,CVBF,0.11553228621291467
1347,2014-03-31,28.65,CVBF,-0.7381648693109121
1348,2013-12-31,109.42,CVBF,0.547009755407889
1349,2013-09-30,70.73,CVBF,0.3699399573891149
1350,2013-06-30,51.63,CVBF,6.101788170563962
1351,2013-03-31,7.27,CVBF,-0.9517007706617061
1352,2012-12-31,150.52,CVBF,0.345129579982127
1353,2012-09-30,111.9,CVBF,0.3716597205197354
1354,2012-06-30,81.58,CVBF,1.4093325457767278
1355,2012-03-31,33.86,CVBF,-0.7365595580798256
1356,2011-12-31,128.53,CVBF,0.3486883525708291
1357,2011-09-30,95.3,CVBF,1.3063891577928364
1358,2011-06-30,41.32,CVBF,0.5118916941090379
1359,2011-03-31,27.33,CVBF,-0.7164643635231871
1360,2010-12-31,96.39,CVBF,0.5215469613259669
1361,2010-09-30,63.35,CVBF,0.05548150616461167
1362,2010-06-30,60.02,CVBF,0.4952665670154459
1363,2010-03-31,40.14,CVBF,-0.3613365155131265
1364,2009-12-31,62.85,CVBF,-0.05275056518462684
1365,2009-09-30,66.35,CVBF,0.6956299514439046
1366,2009-06-30,39.13,CVBF,0.18827816580625578
1367,2009-03-31,32.93,CVBF,
1369,2021-12-31,282.0,HWM,16.625
1370,2021-09-30,16.0,HWM,-5.0
1371,2021-06-30,-4.0,HWM,-0.9344262295081968
1372,2021-03-31,-61.0,HWM,-0.5763888888888888
1373,2020-12-31,-144.0,HWM,-0.4193548387096774
1374,2020-09-30,-248.0,HWM,0.004048582995951344
1375,2020-06-30,-247.0,HWM,0.004065040650406582
1376,2020-03-31,-246.0,HWM,2.1948051948051948
1377,2019-12-31,-77.0,HWM,-0.8422131147540983
1378,2019-09-30,-488.0,HWM,0.07017543859649122
1379,2019-06-30,-456.0,HWM,0.08056872037914697
1380,2019-03-31,-422.0,HWM,0.743801652892562
1381,2018-12-31,-242.0,HWM,-0.65379113018598
1382,2018-09-30,-699.0,HWM,0.28729281767955794
1383,2018-06-30,-543.0,HWM,-0.018083182640144635
1384,2018-03-31,-553.0,HWM,-0.14130434782608692
1385,2017-12-31,-644.0,HWM,-0.13207547169811318
1386,2017-09-30,-742.0,HWM,0.3393501805054151
1387,2017-06-30,-554.0,HWM,0.09055118110236227
1388,2017-03-31,-508.0,HWM,0.5029585798816567
1389,2016-12-31,-338.0,HWM,-5.3896103896103895
1390,2016-09-30,77.0,HWM,-2.0
1391,2016-06-30,-77.0,HWM,-0.8322440087145969
1392,2016-03-31,-459.0,HWM,-1.8929961089494163
1393,2015-12-31,514.0,HWM,9.936170212765957
1394,2015-09-30,47.0,HWM,-1.2974683544303798
1395,2015-06-30,-158.0,HWM,-0.6325581395348837
1396,2015-03-31,-430.0,HWM,-1.6073446327683616
1397,2014-12-31,708.0,HWM,-2.340909090909091
1398,2014-09-30,-528.0,HWM,0.05811623246492981
1399,2014-06-30,-499.0,HWM,-0.34342105263157896
1400,2014-03-31,-760.0,HWM,-2.909547738693467
1401,2013-12-31,398.0,HWM,-4.522123893805309
1402,2013-09-30,-113.0,HWM,0.46753246753246747
1403,2013-06-30,-77.0,HWM,-0.7475409836065574
1404,2013-03-31,-305.0,HWM,-2.2923728813559325
1405,2012-12-31,236.0,HWM,-1.7892976588628762
1406,2012-09-30,-299.0,HWM,0.1499999999999999
1407,2012-06-30,-260.0,HWM,-0.4861660079051383
1408,2012-03-31,-506.0,HWM,-1.5584988962472406
1409,2011-12-31,906.0,HWM,2.624
1410,2011-09-30,250.0,HWM,1.9069767441860463
1411,2011-06-30,86.0,HWM,-1.1954545454545455
1412,2011-03-31,-440.0,HWM,-2.825726141078838
1413,2010-12-31,,HWM,0.0
1414,2010-09-30,241.0,HWM,2.707692307692308
1415,2010-06-30,65.0,HWM,-3.9545454545454546
1416,2010-03-31,-22.0,HWM,-0.914396887159533
1417,2009-12-31,-257.0,HWM,-0.6911057692307692
1418,2009-09-30,,HWM,0.0
1419,2009-06-30,-832.0,HWM,0.12129380053908356
1420,2009-03-31,-742.0,HWM,
1422,2021-12-31,-11.24,GOVX,1.4649122807017547
1423,2021-09-30,-4.56,GOVX,0.5724137931034481
1424,2021-06-30,-2.9,GOVX,0.7901234567901232
1425,2021-03-31,-1.62,GOVX,-0.44329896907216493
1426,2020-12-31,-2.91,GOVX,1.4049586776859506
1427,2020-09-30,-1.21,GOVX,0.30107526881720426
1428,2020-06-30,-0.93,GOVX,1.5833333333333335
1429,2020-03-31,-0.36,GOVX,-0.7446808510638299
1430,2019-12-31,-1.41,GOVX,0.2589285714285712
1431,2019-09-30,-1.12,GOVX,0.4358974358974359
1432,2019-06-30,-0.78,GOVX,1.4375
1433,2019-03-31,-0.32,GOVX,-0.7922077922077922
1434,2018-12-31,-1.54,GOVX,0.48076923076923084
1435,2018-09-30,-1.04,GOVX,0.368421052631579
1436,2018-06-30,-0.76,GOVX,1.0
1437,2018-03-31,-0.38,GOVX,-0.7751479289940828
1438,2017-12-31,-1.69,GOVX,0.3629032258064515
1439,2017-09-30,-1.24,GOVX,0.6103896103896103
1440,2017-06-30,-0.77,GOVX,1.2647058823529411
1441,2017-03-31,-0.34,GOVX,-0.8256410256410256
1442,2016-12-31,-1.95,GOVX,0.23417721518987333
1443,2016-09-30,-1.58,GOVX,0.3504273504273505
1444,2016-06-30,-1.17,GOVX,0.857142857142857
1445,2016-03-31,-0.63,GOVX,-0.7683823529411765
1446,2015-12-31,-2.72,GOVX,0.38775510204081653
1447,2015-09-30,-1.96,GOVX,0.49618320610687006
1448,2015-06-30,-1.31,GOVX,1.046875
1449,2015-03-31,-0.64,GOVX,-0.7205240174672489
1450,2014-12-31,-2.29,GOVX,0.38787878787878793
1451,2014-09-30,-1.65,GOVX,0.44736842105263164
1452,2014-06-30,-1.14,GOVX,1.2799999999999998
1453,2014-03-31,-0.5,GOVX,-0.7191011235955056
1454,2013-12-31,-1.78,GOVX,0.8541666666666667
1455,2013-09-30,-0.96,GOVX,0.19999999999999996
1456,2013-06-30,-0.8,GOVX,1.285714285714286
1457,2013-03-31,-0.35,GOVX,-0.8565573770491803
1458,2012-12-31,-2.44,GOVX,0.29100529100529093
1459,2012-09-30,-1.89,GOVX,0.13855421686746983
1460,2012-06-30,-1.66,GOVX,0.33870967741935476
1461,2012-03-31,-1.24,GOVX,2.875
1462,2011-12-31,-0.32,GOVX,-0.37254901960784315
1463,2011-09-30,-0.51,GOVX,0.24390243902439024
1464,2011-06-30,-0.41,GOVX,-0.2407407407407408
1465,2011-03-31,-0.54,GOVX,-0.7786885245901639
1466,2010-12-31,-2.44,GOVX,0.33333333333333326
1467,2010-09-30,-1.83,GOVX,0.33576642335766427
1468,2010-06-30,-1.37,GOVX,1.5370370370370372
1469,2010-03-31,-0.54,GOVX,-0.6823529411764706
1470,2009-12-31,-1.7,GOVX,0.28787878787878785
1471,2009-09-30,-1.32,GOVX,0.10000000000000009
1472,2009-06-30,-1.2,GOVX,1.6086956521739126
1473,2009-03-31,-0.46,GOVX,
1475,2021-12-31,-0.03,SDON,2.0
1476,2021-09-30,-0.01,SDON,0.0
1477,2021-06-30,-0.01,SDON,-0.75
1479,2020-12-31,-0.04,SDON,1.0
1480,2020-09-30,-0.02,SDON,0.0
1481,2020-06-30,-0.02,SDON,1.0
1482,2020-03-31,-0.01,SDON,-0.5
1483,2019-12-31,-0.02,SDON,0.0
1484,2019-09-30,-0.02,SDON,-0.9986329460013671
1485,2019-06-30,-14.63,SDON,1462.0
1486,2019-03-31,-0.01,SDON,-0.5
1487,2018-12-31,-0.02,SDON,1.0
1488,2018-09-30,-0.01,SDON,0.0
1489,2018-06-30,-0.01,SDON,0.0
1490,2018-03-31,-0.01,SDON,-0.5
1491,2017-12-31,-0.02,SDON,0.0
1492,2017-09-30,-0.02,SDON,0.0
1493,2017-06-30,-0.02,SDON,1.0
1494,2017-03-31,-0.01,SDON,-0.5
1495,2016-12-31,-0.02,SDON,0.0
1496,2016-09-30,-0.02,SDON,1.0
1497,2016-06-30,-0.01,SDON,0.0
1498,2016-03-31,-0.01,SDON,-0.5
1499,2015-12-31,-0.02,SDON,0.0
1500,2015-09-30,-0.02,SDON,1.0
1501,2015-06-30,-0.01,SDON,0.0
1502,2015-03-31,-0.01,SDON,-0.5
1503,2014-12-31,-0.02,SDON,0.0
1504,2014-09-30,-0.02,SDON,0.0
1505,2014-06-30,-0.02,SDON,0.0
1506,2014-03-31,-0.02,SDON,1.0
1507,2013-12-31,-0.01,SDON,inf
1508,2013-09-30,-0.0,SDON,
1509,2013-06-30,-0.0,SDON,
1510,2013-03-31,0.0,SDON,-1.0
1511,2012-12-31,-0.02,SDON,0.0
1512,2012-09-30,-0.02,SDON,inf
1513,2012-06-30,-0.0,SDON,
1514,2012-03-31,-0.0,SDON,-1.0
1515,2011-12-31,-0.01,SDON,0.0
1516,2011-09-30,-0.01,SDON,0.0
1517,2011-06-30,-0.01,SDON,inf
1518,2011-03-31,-0.0,SDON,-1.0
1519,2010-12-31,-0.02,SDON,1.0
1520,2010-09-30,-0.01,SDON,0.0
1521,2010-06-30,-0.01,SDON,inf
1522,2010-03-31,-0.0,SDON,-1.0
1523,2009-12-31,-0.02,SDON,1.0
1524,2009-09-30,-0.01,SDON,0.0
1525,2009-06-30,-0.01,SDON,inf
1526,2009-03-31,-0.0,SDON,
1528,2021-12-31,,SUI,0.0
1529,2021-09-30,-677.44,SUI,0.7811900191938581
1530,2021-06-30,-380.33,SUI,5.856499008473048
1531,2021-03-31,-55.47,SUI,-0.6144703919933278
1532,2020-12-31,,SUI,0.0
1533,2020-09-30,-143.88,SUI,5.822190611664296
1534,2020-06-30,-21.09,SUI,-0.19102416570771008
1535,2020-03-31,-26.07,SUI,-0.9482604640085737
1536,2019-12-31,-503.87,SUI,0.3453394921635118
1537,2019-09-30,-374.53,SUI,0.3258168430740911
1538,2019-06-30,-282.49,SUI,0.011856150154022416
1539,2019-03-31,-279.18,SUI,-10.441325667906662
1540,2018-12-31,29.57,SUI,-0.6257435767624351
1541,2018-09-30,79.01,SUI,-1.3934173181297616
1542,2018-06-30,-200.83,SUI,-14.117570215545395
1543,2018-03-31,15.31,SUI,-1.1075442540039337
1544,2017-12-31,-142.36,SUI,2.486651971589518
1545,2017-09-30,-40.83,SUI,2.7321755027422303
1546,2017-06-30,-10.94,SUI,3.695278969957081
1547,2017-03-31,-2.33,SUI,-1.3240611961057023
1548,2016-12-31,,SUI,0.0
1549,2016-09-30,,SUI,0.0
1550,2016-06-30,,SUI,0.0
1551,2016-03-31,7.19,SUI,-1.0307173067885675
1552,2015-12-31,-234.07,SUI,-0.10256115328579096
1553,2015-09-30,-260.82,SUI,0.18998083766767038
1554,2015-06-30,-219.18,SUI,0.6939485277069328
1555,2015-03-31,-129.39,SUI,-0.682789899485168
1556,2014-12-31,-407.9,SUI,3.2542761785565286
1557,2014-09-30,-95.88,SUI,-0.22864038616251003
1558,2014-06-30,-124.3,SUI,0.3316905935290335
1559,2014-03-31,-93.34,SUI,-0.5032992762877819
1560,2013-12-31,-187.92,SUI,0.46446384039900246
1561,2013-09-30,-128.32,SUI,0.1508520179372197
1562,2013-06-30,-111.5,SUI,10.285425101214575
1563,2013-03-31,-9.88,SUI,-0.9654581687235605
1564,2012-12-31,-286.03,SUI,8.262629533678757
1565,2012-09-30,-30.88,SUI,0.9227895392278955
1566,2012-06-30,-16.06,SUI,1.2060439560439558
1567,2012-03-31,-7.28,SUI,-0.6457420924574209
1568,2011-12-31,-20.55,SUI,0.39416553595658077
1569,2011-09-30,-14.74,SUI,0.8197530864197531
1570,2011-06-30,-8.1,SUI,-6.328947368421052
1571,2011-03-31,1.52,SUI,-0.866432337434095
1572,2010-12-31,11.38,SUI,0.3435655253837071
1573,2010-09-30,8.47,SUI,-0.22999999999999998
1574,2010-06-30,11.0,SUI,0.30486358244365364
1575,2010-03-31,8.43,SUI,-0.43002028397565917
1576,2009-12-31,14.79,SUI,0.00203252032520318
1577,2009-09-30,14.76,SUI,-0.030223390275952777
1578,2009-06-30,15.22,SUI,0.7636152954808806
1579,2009-03-31,8.63,SUI,
1581,2021-12-31,434.94,DAR,0.6467514766015448
1582,2021-09-30,264.12,DAR,0.5100337316334116
1583,2021-06-30,174.91,DAR,1.1951556224899598
1584,2021-03-31,79.68,DAR,-0.7705928079923992
1585,2020-12-31,347.33,DAR,0.2110952264723316
1586,2020-09-30,286.79,DAR,1.0267844522968201
1587,2020-06-30,141.5,DAR,-6.305586801649794
1588,2020-03-31,-26.67,DAR,-2.2485955056179776
1589,2019-12-31,21.36,DAR,-0.35253107002121864
1590,2019-09-30,32.99,DAR,-9.797333333333334
1591,2019-06-30,-3.75,DAR,-0.8651079136690647
1592,2019-03-31,-27.8,DAR,-1.2894325871941696
1593,2018-12-31,96.05,DAR,-10.001874414245549
1594,2018-09-30,-10.67,DAR,0.20701357466063341
1595,2018-06-30,-8.84,DAR,-0.6863023420865862
1596,2018-03-31,-28.18,DAR,-1.1952064283735107
1597,2017-12-31,144.36,DAR,0.8680124223602486
1598,2017-09-30,77.28,DAR,0.05400981996726695
1599,2017-06-30,73.32,DAR,1.188003581020591
1600,2017-03-31,33.51,DAR,-0.7835271317829458
1601,2016-12-31,154.8,DAR,0.3250021398613372
1602,2016-09-30,116.83,DAR,0.9080516086885515
1603,2016-06-30,61.23,DAR,-9.861070911722141
1604,2016-03-31,-6.91,DAR,-1.0354449858938188
1605,2015-12-31,194.95,DAR,0.4244483413707436
1606,2015-09-30,136.86,DAR,0.515446794374931
1607,2015-06-30,90.31,DAR,9.10178970917226
1608,2015-03-31,8.94,DAR,-0.8389769452449568
1609,2014-12-31,55.52,DAR,0.9743954480796586
1610,2014-09-30,28.12,DAR,-1.4671096345514951
1611,2014-06-30,-60.2,DAR,-0.25254531909610134
1612,2014-03-31,-80.54,DAR,-1.8498469979951464
1613,2013-12-31,94.77,DAR,0.11955109273479025
1614,2013-09-30,84.65,DAR,0.1170493533913961
1615,2013-06-30,75.78,DAR,1.2620895522388058
1616,2013-03-31,33.5,DAR,-0.7572287846945431
1617,2012-12-31,137.99,DAR,0.19565029026947411
1618,2012-09-30,115.41,DAR,0.268520553967905
1619,2012-06-30,90.98,DAR,1.9244615879138545
1620,2012-03-31,31.11,DAR,-0.8292910447761195
1621,2011-12-31,182.24,DAR,0.3895539458635151
1622,2011-09-30,131.15,DAR,0.4364731653888281
1623,2011-06-30,91.3,DAR,0.33831720902961004
1624,2011-03-31,68.22,DAR,0.18829472217383736
1625,2010-12-31,57.41,DAR,0.771366862079605
1626,2010-09-30,32.41,DAR,0.8701673398730525
1627,2010-06-30,17.33,DAR,0.6956947162426612
1628,2010-03-31,10.22,DAR,-0.8221371388792204
1629,2009-12-31,57.46,DAR,0.5442085460897608
1630,2009-09-30,37.21,DAR,0.6799097065462756
1631,2009-06-30,22.15,DAR,16.038461538461537
1632,2009-03-31,1.3,DAR,
