,Date,Value,Ticker
0,,,TTEC
1,2021-12-31,191.03,TTEC
2,2021-09-30,134.33,TTEC
3,2021-06-30,109.28,TTEC
4,2021-03-31,58.25,TTEC
5,2020-12-31,212.17,TTEC
6,2020-09-30,138.97,TTEC
7,2020-06-30,73.38,TTEC
8,2020-03-31,45.37,TTEC
9,2019-12-31,177.60,TTEC
10,2019-09-30,140.31,TTEC
11,2019-06-30,93.17,TTEC
12,2019-03-31,66.78,TTEC
13,2018-12-31,124.93,TTEC
14,2018-09-30,134.29,TTEC
15,2018-06-30,87.83,TTEC
16,2018-03-31,59.88,TTEC
17,2017-12-31,61.23,TTEC
18,2017-09-30,105.74,TTEC
19,2017-06-30,95.89,TTEC
20,2017-03-31,62.91,TTEC
21,2016-12-31,61.11,TTEC
22,2016-09-30,72.07,TTEC
23,2016-06-30,27.37,TTEC
24,2016-03-31,-2.16,TTEC
25,2015-12-31,71.61,TTEC
26,2015-09-30,67.10,TTEC
27,2015-06-30,56.12,TTEC
28,2015-03-31,-9.22,TTEC
29,2014-12-31,26.58,TTEC
30,2014-09-30,9.81,TTEC
31,2014-06-30,-2.72,TTEC
32,2014-03-31,-1.42,TTEC
33,2013-12-31,87.62,TTEC
34,2013-09-30,44.78,TTEC
35,2013-06-30,26.55,TTEC
36,2013-03-31,2.39,TTEC
37,2012-12-31,66.83,TTEC
38,2012-09-30,30.71,TTEC
39,2012-06-30,31.51,TTEC
40,2012-03-31,8.29,TTEC
41,2011-12-31,77.52,TTEC
42,2011-09-30,20.53,TTEC
43,2011-06-30,37.95,TTEC
44,2011-03-31,20.74,TTEC
45,2010-12-31,107.66,TTEC
46,2010-09-30,102.57,TTEC
47,2010-06-30,62.32,TTEC
48,2010-03-31,44.82,TTEC
49,2009-12-31,135.70,TTEC
50,2009-09-30,133.59,TTEC
51,2009-06-30,79.54,TTEC
52,2009-03-31,45.56,TTEC
53,,,CSV
54,2021-12-31,67.24,CSV
55,2021-09-30,54.45,CSV
56,2021-06-30,32.69,CSV
57,2021-03-31,22.11,CSV
58,2020-12-31,76.26,CSV
59,2020-09-30,57.79,CSV
60,2020-06-30,25.22,CSV
61,2020-03-31,10.81,CSV
62,2019-12-31,28.80,CSV
63,2019-09-30,24.58,CSV
64,2019-06-30,13.36,CSV
65,2019-03-31,7.55,CSV
66,2018-12-31,35.47,CSV
67,2018-09-30,29.68,CSV
68,2018-06-30,21.20,CSV
69,2018-03-31,12.82,CSV
70,2017-12-31,28.84,CSV
71,2017-09-30,17.38,CSV
72,2017-06-30,11.46,CSV
73,2017-03-31,4.43,CSV
74,2016-12-31,31.32,CSV
75,2016-09-30,17.50,CSV
76,2016-06-30,11.45,CSV
77,2016-03-31,7.19,CSV
78,2015-12-31,15.66,CSV
79,2015-09-30,14.15,CSV
80,2015-06-30,6.97,CSV
81,2015-03-31,6.22,CSV
82,2014-12-31,12.89,CSV
83,2014-09-30,9.49,CSV
84,2014-06-30,3.63,CSV
85,2014-03-31,-6.67,CSV
86,2013-12-31,29.15,CSV
87,2013-09-30,23.79,CSV
88,2013-06-30,18.35,CSV
89,2013-03-31,7.31,CSV
90,2012-12-31,15.33,CSV
91,2012-09-30,7.44,CSV
92,2012-06-30,7.72,CSV
93,2012-03-31,0.43,CSV
94,2011-12-31,20.51,CSV
95,2011-09-30,17.53,CSV
96,2011-06-30,11.15,CSV
97,2011-03-31,1.68,CSV
98,2010-12-31,15.86,CSV
99,2010-09-30,10.06,CSV
100,2010-06-30,10.53,CSV
101,2010-03-31,1.02,CSV
102,2009-12-31,6.79,CSV
103,2009-09-30,1.92,CSV
104,2009-06-30,3.79,CSV
105,2009-03-31,-2.27,CSV
106,,,PPBI
107,2021-12-31,310.98,PPBI
108,2021-09-30,250.38,PPBI
109,2021-06-30,167.33,PPBI
110,2021-03-31,103.84,PPBI
111,2020-12-31,200.93,PPBI
112,2020-09-30,162.47,PPBI
113,2020-06-30,96.67,PPBI
114,2020-03-31,40.72,PPBI
115,2019-12-31,178.61,PPBI
116,2019-09-30,126.02,PPBI
117,2019-06-30,80.96,PPBI
118,2019-03-31,42.15,PPBI
119,2018-12-31,186.20,PPBI
120,2018-09-30,129.96,PPBI
121,2018-06-30,109.91,PPBI
122,2018-03-31,33.22,PPBI
123,2017-12-31,65.21,PPBI
124,2017-09-30,37.50,PPBI
125,2017-06-30,43.00,PPBI
126,2017-03-31,7.37,PPBI
127,2016-12-31,61.53,PPBI
128,2016-09-30,39.55,PPBI
129,2016-06-30,26.97,PPBI
130,2016-03-31,10.61,PPBI
131,2015-12-31,23.29,PPBI
132,2015-09-30,14.91,PPBI
133,2015-06-30,6.09,PPBI
134,2015-03-31,-0.17,PPBI
135,2014-12-31,11.74,PPBI
136,2014-09-30,9.78,PPBI
137,2014-06-30,2.35,PPBI
138,2014-03-31,-1.43,PPBI
139,2013-12-31,11.92,PPBI
140,2013-09-30,7.73,PPBI
141,2013-06-30,5.75,PPBI
142,2013-03-31,-0.62,PPBI
143,2012-12-31,7.64,PPBI
144,2012-09-30,-1.16,PPBI
145,2012-06-30,2.74,PPBI
146,2012-03-31,1.57,PPBI
147,2011-12-31,9.18,PPBI
148,2011-09-30,8.61,PPBI
149,2011-06-30,3.54,PPBI
150,2011-03-31,-1.39,PPBI
151,2010-12-31,8.90,PPBI
152,2010-09-30,4.46,PPBI
153,2010-06-30,5.27,PPBI
154,2010-03-31,2.16,PPBI
155,2009-12-31,5.56,PPBI
156,2009-09-30,6.73,PPBI
157,2009-06-30,4.33,PPBI
158,2009-03-31,1.33,PPBI
159,,,AEL
160,2021-12-31,"4,215.06",AEL
161,2021-09-30,622.23,AEL
162,2021-06-30,614.46,AEL
163,2021-03-31,468.16,AEL
164,2020-12-31,"1,291.75",AEL
165,2020-09-30,342.79,AEL
166,2020-06-30,-339.52,AEL
167,2020-03-31,"-1,174.81",AEL
168,2019-12-31,"3,347.38",AEL
169,2019-09-30,"2,285.13",AEL
170,2019-06-30,"1,869.83",AEL
171,2019-03-31,"1,111.27",AEL
172,2018-12-31,38.90,AEL
173,2018-09-30,582.73,AEL
174,2018-06-30,-146.36,AEL
175,2018-03-31,-444.28,AEL
176,2017-12-31,"1,919.04",AEL
177,2017-09-30,"1,262.09",AEL
178,2017-06-30,828.91,AEL
179,2017-03-31,496.65,AEL
180,2016-12-31,"1,415.19",AEL
181,2016-09-30,943.63,AEL
182,2016-06-30,421.87,AEL
183,2016-03-31,141.37,AEL
184,2015-12-31,503.49,AEL
185,2015-09-30,70.18,AEL
186,2015-06-30,264.91,AEL
187,2015-03-31,-140.51,AEL
188,2014-12-31,706.43,AEL
189,2014-09-30,486.58,AEL
190,2014-06-30,394.76,AEL
191,2014-03-31,47.96,AEL
192,2013-12-31,861.72,AEL
193,2013-09-30,603.80,AEL
194,2013-06-30,490.98,AEL
195,2013-03-31,369.54,AEL
196,2012-12-31,783.58,AEL
197,2012-09-30,829.27,AEL
198,2012-06-30,500.15,AEL
199,2012-03-31,457.53,AEL
200,2011-12-31,272.53,AEL
201,2011-09-30,95.40,AEL
202,2011-06-30,181.99,AEL
203,2011-03-31,237.05,AEL
204,2010-12-31,415.16,AEL
205,2010-09-30,130.37,AEL
206,2010-06-30,9.29,AEL
207,2010-03-31,178.69,AEL
208,2009-12-31,513.58,AEL
209,2009-09-30,258.16,AEL
210,2009-06-30,95.27,AEL
211,2009-03-31,59.33,AEL
212,,,RHP
213,2021-12-31,11.83,RHP
214,2021-09-30,-65.49,RHP
215,2021-06-30,-103.39,RHP
216,2021-03-31,-68.72,RHP
217,2020-12-31,-326.99,RHP
218,2020-09-30,-236.91,RHP
219,2020-06-30,-193.94,RHP
220,2020-03-31,-38.50,RHP
221,2019-12-31,202.15,RHP
222,2019-09-30,121.54,RHP
223,2019-06-30,69.55,RHP
224,2019-03-31,5.69,RHP
225,2018-12-31,133.70,RHP
226,2018-09-30,92.47,RHP
227,2018-06-30,36.36,RHP
228,2018-03-31,-3.66,RHP
229,2017-12-31,113.27,RHP
230,2017-09-30,88.62,RHP
231,2017-06-30,34.44,RHP
232,2017-03-31,0.61,RHP
233,2016-12-31,175.62,RHP
234,2016-09-30,114.56,RHP
235,2016-06-30,71.02,RHP
236,2016-03-31,40.03,RHP
237,2015-12-31,158.25,RHP
238,2015-09-30,91.26,RHP
239,2015-06-30,40.44,RHP
240,2015-03-31,-11.17,RHP
241,2014-12-31,193.85,RHP
242,2014-09-30,106.49,RHP
243,2014-06-30,55.94,RHP
244,2014-03-31,12.35,RHP
245,2013-12-31,100.74,RHP
246,2013-09-30,40.72,RHP
247,2013-06-30,-24.09,RHP
248,2013-03-31,-57.00,RHP
249,2012-12-31,81.24,RHP
250,2012-09-30,51.12,RHP
251,2012-06-30,20.36,RHP
252,2012-03-31,-15.82,RHP
253,2011-12-31,21.33,RHP
254,2011-09-30,-10.92,RHP
255,2011-06-30,-21.79,RHP
256,2011-03-31,-45.48,RHP
257,2010-12-31,-55.16,RHP
258,2010-09-30,-21.23,RHP
259,2010-06-30,27.11,RHP
260,2010-03-31,19.94,RHP
261,2009-12-31,69.99,RHP
262,2009-09-30,32.29,RHP
263,2009-06-30,10.93,RHP
264,2009-03-31,-26.50,RHP
265,,,LXFR
266,2021-12-31,17.00,LXFR
267,2021-09-30,52.20,LXFR
268,2021-06-30,20.80,LXFR
269,2021-03-31,13.80,LXFR
270,2020-12-31,41.60,LXFR
271,2020-09-30,32.00,LXFR
272,2020-06-30,5.10,LXFR
273,2020-03-31,-7.00,LXFR
274,2019-12-31,-6.10,LXFR
275,2019-09-30,-22.70,LXFR
276,2019-06-30,-21.50,LXFR
277,2019-03-31,-11.00,LXFR
278,2018-12-31,49.40,LXFR
279,2018-09-30,31.70,LXFR
280,2018-06-30,17.50,LXFR
281,2018-03-31,7.00,LXFR
282,2017-12-31,28.40,LXFR
283,2017-09-30,22.20,LXFR
284,2017-06-30,14.70,LXFR
285,2017-03-31,7.30,LXFR
286,2016-12-31,13.10,LXFR
287,2016-09-30,7.90,LXFR
288,2016-06-30,5.70,LXFR
289,2016-03-31,-0.20,LXFR
290,2015-12-31,37.50,LXFR
291,2015-09-30,28.90,LXFR
292,2015-06-30,19.20,LXFR
293,2015-03-31,5.40,LXFR
294,2014-12-31,2.60,LXFR
295,2014-09-30,-7.10,LXFR
296,2014-06-30,-11.30,LXFR
297,2014-03-31,-1.80,LXFR
298,2013-12-31,13.00,LXFR
299,2013-09-30,15.70,LXFR
300,2013-06-30,8.60,LXFR
301,2013-03-31,5.70,LXFR
302,2012-12-31,49.70,LXFR
303,2012-09-30,41.70,LXFR
304,2012-06-30,,LXFR
305,2012-03-31,,LXFR
306,2011-12-31,,LXFR
307,,,MELI
308,2021-12-31,392.11,MELI
309,2021-09-30,-160.30,MELI
310,2021-06-30,-263.74,MELI
311,2021-03-31,-375.67,MELI
312,2020-12-31,935.78,MELI
313,2020-09-30,766.47,MELI
314,2020-06-30,469.85,MELI
315,2020-03-31,-130.83,MELI
316,2019-12-31,314.29,MELI
317,2019-09-30,272.09,MELI
318,2019-06-30,94.56,MELI
319,2019-03-31,105.44,MELI
320,2018-12-31,133.35,MELI
321,2018-09-30,126.54,MELI
322,2018-06-30,60.64,MELI
323,2018-03-31,-59.94,MELI
324,2017-12-31,194.16,MELI
325,2017-09-30,190.33,MELI
326,2017-06-30,191.82,MELI
327,2017-03-31,91.98,MELI
328,2016-12-31,113.32,MELI
329,2016-09-30,86.04,MELI
330,2016-06-30,7.30,MELI
331,2016-03-31,-27.23,MELI
332,2015-12-31,158.84,MELI
333,2015-09-30,74.44,MELI
334,2015-06-30,73.05,MELI
335,2015-03-31,30.86,MELI
336,2014-12-31,162.37,MELI
337,2014-09-30,113.99,MELI
338,2014-06-30,73.27,MELI
339,2014-03-31,20.66,MELI
340,2013-12-31,28.76,MELI
341,2013-09-30,46.75,MELI
342,2013-06-30,21.07,MELI
343,2013-03-31,27.23,MELI
344,2012-12-31,123.14,MELI
345,2012-09-30,72.03,MELI
346,2012-06-30,50.17,MELI
347,2012-03-31,15.29,MELI
348,2011-12-31,70.50,MELI
349,2011-09-30,45.21,MELI
350,2011-06-30,20.49,MELI
351,2011-03-31,12.28,MELI
352,2010-12-31,54.68,MELI
353,2010-09-30,31.44,MELI
354,2010-06-30,22.19,MELI
355,2010-03-31,10.06,MELI
356,2009-12-31,45.90,MELI
357,2009-09-30,24.01,MELI
358,2009-06-30,10.84,MELI
359,2009-03-31,3.13,MELI
360,,,EQIX
361,2021-12-31,-197.56,EQIX
362,2021-09-30,-299.36,EQIX
363,2021-06-30,-353.11,EQIX
364,2021-03-31,-226.18,EQIX
365,2020-12-31,161.54,EQIX
366,2020-09-30,51.04,EQIX
367,2020-06-30,126.06,EQIX
368,2020-03-31,79.52,EQIX
369,2019-12-31,102.83,EQIX
370,2019-09-30,33.93,EQIX
371,2019-06-30,108.49,EQIX
372,2019-03-31,51.45,EQIX
373,2018-12-31,-451.01,EQIX
374,2018-09-30,-283.17,EQIX
375,2018-06-30,-72.12,EQIX
376,2018-03-31,-63.52,EQIX
377,2017-12-31,13.19,EQIX
378,2017-09-30,-18.89,EQIX
379,2017-06-30,-72.78,EQIX
380,2017-03-31,-23.84,EQIX
381,2016-12-31,729.45,EQIX
382,2016-09-30,791.77,EQIX
383,2016-06-30,-69.76,EQIX
384,2016-03-31,-86.45,EQIX
385,2015-12-31,-11.58,EQIX
386,2015-09-30,33.89,EQIX
387,2015-06-30,35.53,EQIX
388,2015-03-31,44.41,EQIX
389,2014-12-31,12.43,EQIX
390,2014-09-30,48.61,EQIX
391,2014-06-30,-11.83,EQIX
392,2014-03-31,49.02,EQIX
393,2013-12-31,-42.13,EQIX
394,2013-09-30,-7.35,EQIX
395,2013-06-30,29.85,EQIX
396,2013-03-31,8.51,EQIX
397,2012-12-31,-157.13,EQIX
398,2012-09-30,-125.76,EQIX
399,2012-06-30,-21.20,EQIX
400,2012-03-31,-19.50,EQIX
401,2011-12-31,-126.13,EQIX
402,2011-09-30,-119.52,EQIX
403,2011-06-30,-129.87,EQIX
404,2011-03-31,-72.30,EQIX
405,2010-12-31,-201.39,EQIX
406,2010-09-30,-166.07,EQIX
407,2010-06-30,-135.39,EQIX
408,2010-03-31,-43.59,EQIX
409,2009-12-31,-14.05,EQIX
410,2009-09-30,5.18,EQIX
411,2009-06-30,-14.16,EQIX
412,2009-03-31,-22.14,EQIX
413,,,CCOI
414,2021-12-31,100.34,CCOI
415,2021-09-30,79.65,CCOI
416,2021-06-30,54.19,CCOI
417,2021-03-31,31.66,CCOI
418,2020-12-31,84.37,CCOI
419,2020-09-30,62.66,CCOI
420,2020-06-30,42.97,CCOI
421,2020-03-31,15.59,CCOI
422,2019-12-31,101.85,CCOI
423,2019-09-30,65.65,CCOI
424,2019-06-30,44.26,CCOI
425,2019-03-31,15.35,CCOI
426,2018-12-31,83.98,CCOI
427,2018-09-30,54.20,CCOI
428,2018-06-30,34.56,CCOI
429,2018-03-31,15.27,CCOI
430,2017-12-31,65.90,CCOI
431,2017-09-30,45.16,CCOI
432,2017-06-30,27.30,CCOI
433,2017-03-31,11.27,CCOI
434,2016-12-31,62.73,CCOI
435,2016-09-30,36.05,CCOI
436,2016-06-30,21.96,CCOI
437,2016-03-31,12.52,CCOI
438,2015-12-31,48.23,CCOI
439,2015-09-30,31.19,CCOI
440,2015-06-30,14.63,CCOI
441,2015-03-31,5.46,CCOI
442,2014-12-31,13.01,CCOI
443,2014-09-30,8.10,CCOI
444,2014-06-30,7.42,CCOI
445,2014-03-31,-4.99,CCOI
446,2013-12-31,32.82,CCOI
447,2013-09-30,13.63,CCOI
448,2013-06-30,8.89,CCOI
449,2013-03-31,-1.35,CCOI
450,2012-12-31,35.61,CCOI
451,2012-09-30,13.60,CCOI
452,2012-06-30,9.29,CCOI
453,2012-03-31,0.40,CCOI
454,2011-12-31,29.96,CCOI
455,2011-09-30,13.09,CCOI
456,2011-06-30,6.63,CCOI
457,2011-03-31,0.63,CCOI
458,2010-12-31,18.72,CCOI
459,2010-09-30,8.47,CCOI
460,2010-06-30,5.99,CCOI
461,2010-03-31,3.98,CCOI
462,2009-12-31,7.44,CCOI
463,2009-09-30,-1.20,CCOI
464,2009-06-30,0.72,CCOI
465,2009-03-31,1.07,CCOI
466,,,DLR
467,2021-12-31,"3,393.30",DLR
468,2021-09-30,"1,970.05",DLR
469,2021-06-30,"1,553.86",DLR
470,2021-03-31,"1,013.36",DLR
471,2020-12-31,"2,271.16",DLR
472,2020-09-30,"1,728.65",DLR
473,2020-06-30,"1,238.73",DLR
474,2020-03-31,753.02,DLR
475,2019-12-31,"1,513.82",DLR
476,2019-09-30,"1,036.97",DLR
477,2019-06-30,767.92,DLR
478,2019-03-31,341.62,DLR
479,2018-12-31,"1,671.53",DLR
480,2018-09-30,"1,203.06",DLR
481,2018-06-30,792.19,DLR
482,2018-03-31,374.17,DLR
483,2017-12-31,696.87,DLR
484,2017-09-30,657.40,DLR
485,2017-06-30,484.48,DLR
486,2017-03-31,205.48,DLR
487,2016-12-31,397.28,DLR
488,2016-09-30,113.09,DLR
489,2016-06-30,430.73,DLR
490,2016-03-31,215.05,DLR
491,2015-12-31,883.16,DLR
492,2015-09-30,676.35,DLR
493,2015-06-30,492.29,DLR
494,2015-03-31,182.20,DLR
495,2014-12-31,669.53,DLR
496,2014-09-30,486.21,DLR
497,2014-06-30,353.21,DLR
498,2014-03-31,116.41,DLR
499,2013-12-31,497.08,DLR
500,2013-09-30,297.03,DLR
501,2013-06-30,155.97,DLR
502,2013-03-31,10.86,DLR
503,2012-12-31,"-1,018.24",DLR
504,2012-09-30,"-1,095.56",DLR
505,2012-06-30,8.60,DLR
506,2012-03-31,-55.66,DLR
507,2011-12-31,204.35,DLR
508,2011-09-30,183.47,DLR
509,2011-06-30,169.98,DLR
510,2011-03-31,63.20,DLR
511,2010-12-31,-959.97,DLR
512,2010-09-30,-941.57,DLR
513,2010-06-30,-287.91,DLR
514,2010-03-31,-317.80,DLR
515,2009-12-31,145.81,DLR
516,2009-09-30,179.45,DLR
517,2009-06-30,124.38,DLR
518,2009-03-31,41.38,DLR
519,,,SOHO
520,2021-12-31,-0.65,SOHO
521,2021-09-30,1.92,SOHO
522,2021-06-30,0.11,SOHO
523,2021-03-31,-1.76,SOHO
524,2020-12-31,-15.22,SOHO
525,2020-09-30,-9.33,SOHO
526,2020-06-30,-7.90,SOHO
527,2020-03-31,-0.28,SOHO
528,2019-12-31,3.46,SOHO
529,2019-09-30,4.70,SOHO
530,2019-06-30,5.59,SOHO
531,2019-03-31,0.10,SOHO
532,2018-12-31,-75.65,SOHO
533,2018-09-30,-76.26,SOHO
534,2018-06-30,-74.07,SOHO
535,2018-03-31,-79.02,SOHO
536,2017-12-31,-5.76,SOHO
537,2017-09-30,-0.62,SOHO
538,2017-06-30,1.10,SOHO
539,2017-03-31,1.17,SOHO
540,2016-12-31,3.28,SOHO
541,2016-09-30,4.30,SOHO
542,2016-06-30,4.67,SOHO
543,2016-03-31,1.67,SOHO
544,2015-12-31,-31.88,SOHO
545,2015-09-30,-29.86,SOHO
546,2015-06-30,-1.34,SOHO
547,2015-03-31,-1.15,SOHO
548,2014-12-31,-56.06,SOHO
549,2014-09-30,-49.58,SOHO
550,2014-06-30,-51.30,SOHO
551,2014-03-31,-58.82,SOHO
552,2013-12-31,-26.04,SOHO
553,2013-09-30,3.74,SOHO
554,2013-06-30,3.80,SOHO
555,2013-03-31,0.98,SOHO
556,2012-12-31,6.12,SOHO
557,2012-09-30,5.77,SOHO
558,2012-06-30,2.83,SOHO
559,2012-03-31,1.43,SOHO
560,2011-12-31,1.60,SOHO
561,2011-09-30,3.26,SOHO
562,2011-06-30,1.69,SOHO
563,2011-03-31,2.69,SOHO
564,2010-12-31,1.84,SOHO
565,2010-09-30,2.13,SOHO
566,2010-06-30,2.99,SOHO
567,2010-03-31,-0.52,SOHO
568,2009-12-31,-9.61,SOHO
569,2009-09-30,-8.85,SOHO
570,2009-06-30,-7.47,SOHO
571,2009-03-31,-8.12,SOHO
572,,,VYNT
573,2021-12-31,-17.53,VYNT
574,2021-09-30,-14.51,VYNT
575,2021-06-30,-11.19,VYNT
576,2021-03-31,-4.61,VYNT
577,2020-12-31,-5.87,VYNT
578,2020-09-30,-4.35,VYNT
579,2020-06-30,-2.02,VYNT
580,2020-03-31,-1.54,VYNT
581,2019-12-31,-8.69,VYNT
582,2019-09-30,-6.16,VYNT
583,2019-06-30,-4.88,VYNT
584,2019-03-31,-4.48,VYNT
585,2018-12-31,-12.57,VYNT
586,2018-09-30,-11.46,VYNT
587,2018-06-30,-8.11,VYNT
588,2018-03-31,-4.69,VYNT
589,2017-12-31,-14.85,VYNT
590,2017-09-30,-11.44,VYNT
591,2017-06-30,-7.79,VYNT
592,2017-03-31,-2.57,VYNT
593,2016-12-31,-18.34,VYNT
594,2016-09-30,-17.64,VYNT
595,2016-06-30,-12.92,VYNT
596,2016-03-31,-6.11,VYNT
597,2015-12-31,-14.61,VYNT
598,2015-09-30,-10.39,VYNT
599,2015-06-30,-7.62,VYNT
600,2015-03-31,-3.19,VYNT
601,2014-12-31,-13.71,VYNT
602,2014-09-30,-8.85,VYNT
603,2014-06-30,-6.20,VYNT
604,2014-03-31,-2.08,VYNT
605,2013-12-31,-8.33,VYNT
606,2013-09-30,-6.67,VYNT
607,2013-06-30,-3.81,VYNT
608,2013-03-31,-0.57,VYNT
609,2012-12-31,-7.73,VYNT
610,2012-09-30,-5.80,VYNT
611,2012-06-30,-4.13,VYNT
612,2012-03-31,-3.21,VYNT
613,2011-12-31,,VYNT
614,2010-12-31,,VYNT
615,,,DTIL
616,2021-12-31,-15.91,DTIL
617,2021-09-30,9.28,DTIL
618,2021-06-30,33.92,DTIL
619,2021-03-31,66.95,DTIL
620,2020-12-31,-92.42,DTIL
621,2020-09-30,-77.87,DTIL
622,2020-06-30,-54.60,DTIL
623,2020-03-31,-27.01,DTIL
624,2019-12-31,-95.68,DTIL
625,2019-09-30,-69.60,DTIL
626,2019-06-30,-49.70,DTIL
627,2019-03-31,-24.99,DTIL
628,2018-12-31,-65.99,DTIL
629,2018-09-30,-43.20,DTIL
630,2018-06-30,-25.51,DTIL
631,2018-03-31,-15.07,DTIL
632,2017-12-31,,DTIL
633,,,WLDN
634,2021-12-31,1.35,WLDN
635,2021-09-30,-6.56,WLDN
636,2021-06-30,-3.77,WLDN
637,2021-03-31,4.33,WLDN
638,2020-12-31,41.97,WLDN
639,2020-09-30,22.92,WLDN
640,2020-06-30,26.30,WLDN
641,2020-03-31,14.32,WLDN
642,2019-12-31,5.03,WLDN
643,2019-09-30,2.70,WLDN
644,2019-06-30,8.92,WLDN
645,2019-03-31,8.59,WLDN
646,2018-12-31,5.52,WLDN
647,2018-09-30,10.89,WLDN
648,2018-06-30,3.57,WLDN
649,2018-03-31,-6.87,WLDN
650,2017-12-31,8.89,WLDN
651,2017-09-30,0.21,WLDN
652,2017-06-30,5.67,WLDN
653,2017-03-31,-1.97,WLDN
654,2016-12-31,19.95,WLDN
655,2016-09-30,15.36,WLDN
656,2016-06-30,6.25,WLDN
657,2016-03-31,-1.88,WLDN
658,2015-12-31,5.63,WLDN
659,2015-09-30,4.05,WLDN
660,2015-06-30,1.50,WLDN
661,2015-03-31,-2.52,WLDN
662,2014-12-31,11.41,WLDN
663,2014-09-30,5.61,WLDN
664,2014-06-30,4.08,WLDN
665,2014-03-31,4.69,WLDN
666,2013-12-31,0.93,WLDN
667,2013-09-30,3.91,WLDN
668,2013-06-30,1.96,WLDN
669,2013-03-31,0.65,WLDN
670,2012-12-31,4.34,WLDN
671,2012-09-30,4.34,WLDN
672,2012-06-30,0.71,WLDN
673,2012-03-31,-0.90,WLDN
674,2011-12-31,-1.06,WLDN
675,2011-09-30,2.76,WLDN
676,2011-06-30,1.32,WLDN
677,2011-03-31,0.47,WLDN
678,2010-12-31,-0.55,WLDN
679,2010-09-30,0.96,WLDN
680,2010-06-30,-1.94,WLDN
681,2010-03-31,-1.47,WLDN
682,2009-12-31,1.77,WLDN
683,2009-09-30,1.59,WLDN
684,2009-06-30,1.22,WLDN
685,2009-03-31,1.57,WLDN
686,,,AQST
687,2021-12-31,-33.89,AQST
688,2021-09-30,-25.30,AQST
689,2021-06-30,-16.15,AQST
690,2021-03-31,-14.20,AQST
691,2020-12-31,-45.98,AQST
692,2020-09-30,-32.23,AQST
693,2020-06-30,-23.88,AQST
694,2020-03-31,-13.77,AQST
695,2019-12-31,-60.87,AQST
696,2019-09-30,-50.21,AQST
697,2019-06-30,-35.33,AQST
698,2019-03-31,-18.06,AQST
699,2018-12-31,-14.82,AQST
700,2018-09-30,-11.51,AQST
701,2018-06-30,0.41,AQST
702,2018-03-31,0.53,AQST
703,2017-12-31,,AQST
704,2017-09-30,11.25,AQST
705,2017-06-30,-3.94,AQST
706,,,EFC
707,2021-12-31,64.70,EFC
708,2021-09-30,57.96,EFC
709,2021-06-30,42.91,EFC
710,2021-03-31,9.03,EFC
711,2020-12-31,129.24,EFC
712,2020-09-30,90.13,EFC
713,2020-06-30,74.08,EFC
714,2020-03-31,35.81,EFC
715,2019-12-31,103.07,EFC
716,2019-09-30,61.46,EFC
717,2019-06-30,43.73,EFC
718,2019-03-31,20.76,EFC
719,2018-12-31,-494.18,EFC
720,2018-09-30,-421.05,EFC
721,2018-06-30,-223.69,EFC
722,2018-03-31,-124.69,EFC
723,2017-12-31,-462.93,EFC
724,2017-09-30,-124.17,EFC
725,2017-06-30,-115.28,EFC
726,2017-03-31,-107.60,EFC
727,2016-12-31,69.69,EFC
728,2016-09-30,163.65,EFC
729,2016-06-30,89.28,EFC
730,2016-03-31,-19.00,EFC
731,2015-12-31,654.25,EFC
732,2015-09-30,389.27,EFC
733,2015-06-30,363.17,EFC
734,2015-03-31,338.15,EFC
735,2014-12-31,-604.16,EFC
736,2014-09-30,-341.65,EFC
737,2014-06-30,48.42,EFC
738,2014-03-31,66.34,EFC
739,2013-12-31,-244.38,EFC
740,2013-09-30,-369.46,EFC
741,2013-06-30,-317.42,EFC
742,2013-03-31,-26.54,EFC
743,2012-12-31,-51.40,EFC
744,2012-09-30,185.30,EFC
745,2012-06-30,15.39,EFC
746,2012-03-31,-31.13,EFC
747,2011-12-31,-47.45,EFC
748,2011-09-30,-64.22,EFC
749,2011-06-30,14.83,EFC
750,2011-03-31,-93.83,EFC
751,2010-12-31,-347.55,EFC
752,2010-09-30,119.64,EFC
753,2010-06-30,157.42,EFC
754,2010-03-31,137.28,EFC
755,2009-12-31,,EFC
756,2009-09-30,-270.88,EFC
757,,,PMT
758,2021-09-30,"-2,695.29",PMT
759,2021-06-30,"-2,853.62",PMT
760,2021-03-31,"-1,857.14",PMT
761,2020-12-31,715.16,PMT
762,2020-09-30,688.84,PMT
763,2020-06-30,"2,634.01",PMT
764,2020-03-31,"1,721.19",PMT
765,2019-12-31,"-2,910.10",PMT
766,2019-09-30,"-2,270.14",PMT
767,2019-06-30,-883.88,PMT
768,2019-03-31,161.80,PMT
769,2018-12-31,-474.56,PMT
770,2018-09-30,-716.79,PMT
771,2018-06-30,-527.59,PMT
772,2018-03-31,154.92,PMT
773,2017-12-31,390.05,PMT
774,2017-09-30,423.94,PMT
775,2017-06-30,388.79,PMT
776,2017-03-31,458.61,PMT
777,2016-12-31,-386.86,PMT
778,2016-09-30,-611.29,PMT
779,2016-06-30,-42.79,PMT
780,2016-03-31,25.34,PMT
781,2015-12-31,-622.36,PMT
782,2015-09-30,-351.42,PMT
783,2015-06-30,"-1,532.32",PMT
784,2015-03-31,-687.15,PMT
785,2014-12-31,-179.25,PMT
786,2014-09-30,-256.29,PMT
787,2014-06-30,-486.57,PMT
788,2014-03-31,143.65,PMT
789,2013-12-31,-121.34,PMT
790,2013-09-30,-334.08,PMT
791,2013-06-30,-377.56,PMT
792,2013-03-31,-225.15,PMT
793,2012-12-31,-684.04,PMT
794,2012-09-30,-547.95,PMT
795,2012-06-30,-192.32,PMT
796,2012-03-31,81.48,PMT
797,2011-12-31,-220.73,PMT
798,2011-09-30,-35.62,PMT
799,2011-06-30,-13.51,PMT
800,2011-03-31,-14.27,PMT
801,2010-12-31,-4.63,PMT
802,2010-09-30,-21.10,PMT
803,2010-06-30,-12.91,PMT
804,2010-03-31,-2.70,PMT
805,2009-12-31,,PMT
806,2009-09-30,-0.71,PMT
807,2009-06-30,,PMT
808,,,RKDA
809,2021-12-31,-26.86,RKDA
810,2021-09-30,-20.13,RKDA
811,2021-06-30,-11.65,RKDA
812,2021-03-31,-5.19,RKDA
813,2020-12-31,-32.55,RKDA
814,2020-09-30,-25.50,RKDA
815,2020-06-30,-18.30,RKDA
816,2020-03-31,-10.05,RKDA
817,2019-12-31,-18.66,RKDA
818,2019-09-30,-13.06,RKDA
819,2019-06-30,-8.74,RKDA
820,2019-03-31,-4.06,RKDA
821,2018-12-31,-13.87,RKDA
822,2018-09-30,-11.02,RKDA
823,2018-06-30,-6.98,RKDA
824,2018-03-31,-2.64,RKDA
825,2017-12-31,-14.04,RKDA
826,2017-09-30,-11.36,RKDA
827,2017-06-30,-8.97,RKDA
828,2017-03-31,-4.58,RKDA
829,2016-12-31,-17.29,RKDA
830,2016-09-30,-13.00,RKDA
831,2016-06-30,-9.05,RKDA
832,2016-03-31,-4.99,RKDA
833,2015-12-31,-15.25,RKDA
834,2015-09-30,-11.24,RKDA
835,2015-06-30,-6.61,RKDA
836,2015-03-31,-2.61,RKDA
837,2014-12-31,-14.92,RKDA
838,2014-09-30,-12.16,RKDA
839,2014-06-30,-8.42,RKDA
840,2014-03-31,-2.13,RKDA
841,2013-12-31,,RKDA
842,,,NUWE
843,2021-12-31,-18.10,NUWE
844,2021-09-30,-13.88,NUWE
845,2021-06-30,-9.34,NUWE
846,2021-03-31,-5.44,NUWE
847,2020-12-31,-16.84,NUWE
848,2020-09-30,-13.37,NUWE
849,2020-06-30,-8.83,NUWE
850,2020-03-31,-5.51,NUWE
851,2019-12-31,-16.86,NUWE
852,2019-09-30,-12.80,NUWE
853,2019-06-30,-9.03,NUWE
854,2019-03-31,-4.95,NUWE
855,2018-12-31,-14.76,NUWE
856,2018-09-30,-12.02,NUWE
857,2018-06-30,-8.60,NUWE
858,2018-03-31,-5.09,NUWE
859,2017-12-31,-12.18,NUWE
860,2017-09-30,-8.98,NUWE
861,2017-06-30,-5.72,NUWE
862,2017-03-31,-1.61,NUWE
863,2016-12-31,-16.41,NUWE
864,2016-09-30,-13.67,NUWE
865,2016-06-30,-9.17,NUWE
866,2016-03-31,-5.70,NUWE
867,2015-12-31,-23.19,NUWE
868,2015-09-30,-18.41,NUWE
869,2015-06-30,-12.90,NUWE
870,2015-03-31,-7.16,NUWE
871,2014-12-31,-23.00,NUWE
872,2014-09-30,-17.56,NUWE
873,2014-06-30,-12.04,NUWE
874,2014-03-31,-6.73,NUWE
875,2013-12-31,-17.66,NUWE
876,2013-09-30,-11.84,NUWE
877,2013-06-30,-7.59,NUWE
878,2013-03-31,-4.12,NUWE
879,2012-12-31,-13.24,NUWE
880,2012-09-30,-9.80,NUWE
881,2012-06-30,-6.92,NUWE
882,2012-03-31,-4.86,NUWE
883,2011-12-31,-13.53,NUWE
884,2011-09-30,-9.69,NUWE
885,2011-06-30,-6.26,NUWE
886,2011-03-31,-2.81,NUWE
887,2010-12-31,,NUWE
888,,,IROQ
889,2021-12-31,3.49,IROQ
890,2021-09-30,0.15,IROQ
891,2021-06-30,6.59,IROQ
892,2021-03-31,4.45,IROQ
893,2020-12-31,2.32,IROQ
894,2020-09-30,1.14,IROQ
895,2020-06-30,6.74,IROQ
896,2020-03-31,4.66,IROQ
897,2019-12-31,3.48,IROQ
898,2019-09-30,1.78,IROQ
899,2019-06-30,4.69,IROQ
900,2019-03-31,2.85,IROQ
901,2018-12-31,1.80,IROQ
902,2018-09-30,-0.47,IROQ
903,2018-06-30,-0.02,IROQ
904,2018-03-31,-2.33,IROQ
905,2017-12-31,-2.53,IROQ
906,2017-09-30,-3.17,IROQ
907,2017-06-30,4.46,IROQ
908,2017-03-31,4.34,IROQ
909,2016-12-31,2.38,IROQ
910,2016-09-30,1.54,IROQ
911,2016-06-30,5.11,IROQ
912,2016-03-31,4.21,IROQ
913,2015-12-31,2.30,IROQ
914,2015-09-30,1.70,IROQ
915,2015-06-30,5.23,IROQ
916,2015-03-31,3.87,IROQ
917,2014-12-31,2.21,IROQ
918,2014-09-30,1.14,IROQ
919,2014-06-30,5.25,IROQ
920,2014-03-31,3.56,IROQ
921,2013-12-31,2.42,IROQ
922,2013-09-30,1.38,IROQ
923,2013-06-30,5.68,IROQ
924,2013-03-31,3.42,IROQ
925,2012-12-31,2.12,IROQ
926,2012-09-30,1.00,IROQ
927,2012-06-30,5.45,IROQ
928,2012-03-31,3.43,IROQ
929,2011-12-31,2.65,IROQ
930,2011-09-30,0.78,IROQ
931,2011-06-30,4.81,IROQ
932,2011-03-31,2.76,IROQ
933,2010-12-31,1.79,IROQ
934,2010-09-30,0.56,IROQ
935,2010-06-30,,IROQ
936,2010-03-31,0.80,IROQ
937,,,FPI
938,2021-12-31,-5.40,FPI
939,2021-09-30,-3.25,FPI
940,2021-06-30,5.51,FPI
941,2021-03-31,36.42,FPI
942,2020-12-31,36.63,FPI
943,2020-09-30,20.68,FPI
944,2020-06-30,14.94,FPI
945,2020-03-31,11.89,FPI
946,2019-12-31,44.15,FPI
947,2019-09-30,36.04,FPI
948,2019-06-30,42.06,FPI
949,2019-03-31,16.37,FPI
950,2018-12-31,5.96,FPI
951,2018-09-30,0.57,FPI
952,2018-06-30,-19.69,FPI
953,2018-03-31,-17.00,FPI
954,2017-12-31,-226.81,FPI
955,2017-09-30,-113.73,FPI
956,2017-06-30,-104.66,FPI
957,2017-03-31,-85.78,FPI
958,2016-12-31,-132.41,FPI
959,2016-09-30,-123.79,FPI
960,2016-06-30,-104.31,FPI
961,2016-03-31,-88.11,FPI
962,2015-12-31,-109.19,FPI
963,2015-09-30,-96.60,FPI
964,2015-06-30,-80.24,FPI
965,2015-03-31,-8.29,FPI
966,2014-12-31,-124.51,FPI
967,2014-09-30,-35.27,FPI
968,2014-06-30,-30.26,FPI
969,2014-03-31,-0.14,FPI
970,2013-12-31,0.02,FPI
971,2013-09-30,-1.85,FPI
972,2013-06-30,-1.43,FPI
973,2013-03-31,-0.16,FPI
974,2012-12-31,,FPI
975,,,NAVI
976,2021-12-31,702.00,NAVI
977,2021-09-30,534.00,NAVI
978,2021-06-30,333.00,NAVI
979,2021-03-31,179.00,NAVI
980,2020-12-31,987.00,NAVI
981,2020-09-30,816.00,NAVI
982,2020-06-30,595.00,NAVI
983,2020-03-31,453.00,NAVI
984,2019-12-31,"1,019.00",NAVI
985,2019-09-30,831.00,NAVI
986,2019-06-30,522.00,NAVI
987,2019-03-31,188.00,NAVI
988,2018-12-31,"1,140.00",NAVI
989,2018-09-30,655.00,NAVI
990,2018-06-30,482.00,NAVI
991,2018-03-31,284.00,NAVI
992,2017-12-31,"1,158.00",NAVI
993,2017-09-30,914.00,NAVI
994,2017-06-30,630.00,NAVI
995,2017-03-31,357.00,NAVI
996,2016-12-31,"1,347.00",NAVI
997,2016-09-30,"1,114.00",NAVI
998,2016-06-30,771.00,NAVI
999,2016-03-31,342.00,NAVI
1000,2015-12-31,"1,910.00",NAVI
1001,2015-09-30,"1,459.00",NAVI
1002,2015-06-30,"1,055.00",NAVI
1003,2015-03-31,499.00,NAVI
1004,2014-12-31,"1,664.00",NAVI
1005,2014-09-30,"1,615.00",NAVI
1006,2014-06-30,"1,113.00",NAVI
1007,2014-03-31,558.00,NAVI
1008,2013-12-31,"2,000.00",NAVI
1009,2013-09-30,"1,432.00",NAVI
1010,2013-06-30,954.00,NAVI
1011,2013-03-31,529.00,NAVI
1012,2012-12-31,,NAVI
1013,2011-12-31,,NAVI
1014,,,GMS
1015,2022-01-31,-51.92,GMS
1016,2021-10-31,-92.75,GMS
1017,2021-07-31,-81.60,GMS
1018,2021-04-30,125.69,GMS
1019,2021-01-31,51.87,GMS
1020,2020-10-31,12.92,GMS
1021,2020-07-31,-20.11,GMS
1022,2020-04-30,280.12,GMS
1023,2020-01-31,115.78,GMS
1024,2019-10-31,56.35,GMS
1025,2019-07-31,-18.10,GMS
1026,2019-04-30,176.02,GMS
1027,2019-01-31,92.96,GMS
1028,2018-10-31,37.14,GMS
1029,2018-07-31,-51.35,GMS
1030,2018-04-30,70.39,GMS
1031,2018-01-31,55.35,GMS
1032,2017-10-31,25.50,GMS
1033,2017-07-31,4.44,GMS
1034,2017-04-30,60.83,GMS
1035,2017-01-31,32.69,GMS
1036,2016-10-31,-3.01,GMS
1037,2016-07-31,-32.39,GMS
1038,2016-04-30,49.89,GMS
1039,2016-01-31,20.67,GMS
1040,2015-10-31,1.09,GMS
1041,2015-07-31,-19.45,GMS
1042,2015-04-30,,GMS
1043,2014-04-30,,GMS
1044,2013-04-30,,GMS
1045,,,RETC
1046,2021-12-31,-0.54,RETC
1047,2021-09-30,-0.63,RETC
1048,2021-06-30,-0.43,RETC
1049,2021-03-31,-0.27,RETC
1050,2020-12-31,-0.61,RETC
1051,2020-09-30,-0.39,RETC
1052,2020-06-30,-0.21,RETC
1053,2020-03-31,0.07,RETC
1054,2019-12-31,,RETC
1055,2018-12-31,,RETC
1056,,,WORX
1057,2021-12-31,-1.07,WORX
1058,2021-09-30,-0.74,WORX
1059,2021-06-30,-0.48,WORX
1060,2021-03-31,-0.43,WORX
1061,2020-12-31,-0.96,WORX
1062,2020-09-30,-1.15,WORX
1063,2020-06-30,-1.00,WORX
1064,2020-03-31,-0.29,WORX
1065,2019-12-31,-4.80,WORX
1066,2019-09-30,-4.36,WORX
1067,2019-06-30,-4.06,WORX
1068,2019-03-31,-2.59,WORX
1069,2018-12-31,-0.24,WORX
1070,2018-09-30,0.41,WORX
1071,2018-06-30,0.64,WORX
1072,2018-03-31,0.01,WORX
1073,2017-12-31,-5.83,WORX
1074,2017-09-30,-4.58,WORX
1075,2017-06-30,-3.14,WORX
1076,2017-03-31,-1.32,WORX
1077,2016-12-31,-2.13,WORX
1078,2016-09-30,-0.86,WORX
1079,2016-06-30,-0.25,WORX
1080,2016-03-31,-0.12,WORX
1081,2015-12-31,,WORX
1082,2015-09-30,-0.20,WORX
1083,,,SURF
1084,2021-12-31,-62.46,SURF
1085,2021-09-30,-46.54,SURF
1086,2021-06-30,-31.23,SURF
1087,2021-03-31,-18.96,SURF
1088,2020-12-31,29.95,SURF
1089,2020-09-30,-42.33,SURF
1090,2020-06-30,-32.07,SURF
1091,2020-03-31,-15.60,SURF
1092,2019-12-31,-61.68,SURF
1093,2019-09-30,-48.21,SURF
1094,2019-06-30,-33.55,SURF
1095,2019-03-31,-19.18,SURF
1096,2018-12-31,-15.24,SURF
1097,2018-09-30,-0.18,SURF
1098,2018-06-30,12.26,SURF
1099,2018-03-31,30.53,SURF
1100,2017-12-31,-14.39,SURF
1101,2017-09-30,0.65,SURF
1102,2017-06-30,10.17,SURF
1103,2017-03-31,-4.58,SURF
1104,2016-12-31,,SURF
1105,,,BXRX
1106,2021-12-31,-49.47,BXRX
1107,2021-09-30,-36.70,BXRX
1108,2021-06-30,-24.13,BXRX
1109,2021-03-31,-14.08,BXRX
1110,2020-12-31,-44.70,BXRX
1111,2020-09-30,-29.73,BXRX
1112,2020-06-30,-17.62,BXRX
1113,2020-03-31,-6.31,BXRX
1114,2019-12-31,,BXRX
1115,2019-09-30,-43.74,BXRX
1116,,,LUCD
1117,2021-12-31,,LUCD
1118,2021-09-30,-7.83,LUCD
1119,2020-12-31,,LUCD
1120,2020-09-30,-3.95,LUCD
1121,,,QS
1122,2021-12-31,-255.09,QS
1123,2021-09-30,-165.70,QS
1124,2021-06-30,-98.09,QS
1125,2021-03-31,-34.70,QS
1126,2020-12-31,-85.36,QS
1127,2020-09-30,-48.03,QS
1128,2020-06-30,-31.89,QS
1129,2020-03-31,-16.42,QS
1130,2019-12-31,,QS
1131,,,RBOT
1132,2021-12-31,-34.59,RBOT
1133,2021-09-30,-23.97,RBOT
1134,2021-06-30,-0.86,RBOT
1135,2021-03-31,-0.07,RBOT
1136,2020-12-31,,RBOT
1137,2020-09-30,-8.31,RBOT
1138,,,VOR
1139,2021-12-31,,VOR
1140,2021-09-30,,VOR
1141,2021-06-30,,VOR
1142,2021-03-31,,VOR
1143,,,RCHG
1144,2021-12-31,-0.76,RCHG
1145,2021-09-30,-0.48,RCHG
1146,2021-06-30,-0.34,RCHG
1147,2021-03-31,-0.22,RCHG
1148,2020-12-31,,RCHG
1149,2020-09-30,-0.03,RCHG
1150,,,PV
1151,2021-09-30,-0.99,PV
1152,2021-06-30,-0.83,PV
1153,2021-03-31,-0.84,PV
1154,2020-12-31,,PV
1155,2020-06-30,,PV
1156,,,LFTR
1157,2021-12-31,-1.15,LFTR
1158,2021-09-30,-0.73,LFTR
1159,2021-06-30,-0.45,LFTR
1160,2021-03-31,-0.10,LFTR
1161,2020-12-31,,LFTR
1162,2020-09-30,0.00,LFTR
1163,,,CTKB
1164,2021-12-31,,CTKB
1165,2021-09-30,-3.89,CTKB
1166,2021-06-30,-3.74,CTKB
1167,2020-12-31,,CTKB
1168,2020-09-30,2.17,CTKB
1169,2020-06-30,0.45,CTKB
1170,,,NSTC
1171,2021-12-31,-0.31,NSTC
1172,2021-09-30,,NSTC
1173,2021-06-30,-0.12,NSTC
1174,2021-03-31,0.00,NSTC
1175,2020-12-31,,NSTC
1176,,,FMIV
1177,2021-12-31,-1.28,FMIV
1178,2021-09-30,-1.10,FMIV
1179,2021-06-30,-0.88,FMIV
1180,2021-03-31,0.10,FMIV
1181,,,LAX
1182,2021-10-31,,LAX
1183,,,ARCK
1184,2021-09-30,,ARCK
1185,,,PPHP
1186,2021-12-31,,PPHP
1187,2021-09-30,,PPHP
1188,2021-06-30,,PPHP
1189,,,SGII
1190,2021-09-30,,SGII
1191,,,ARHS
1192,2021-12-31,,ARHS
1193,2021-09-30,,ARHS
1194,,,CTO
1195,2021-12-31,-99.34,CTO
1196,2021-09-30,5.03,CTO
1197,2021-06-30,-61.47,CTO
1198,2021-03-31,-28.08,CTO
1199,2020-12-31,-65.26,CTO
1200,2020-09-30,-103.87,CTO
1201,2020-06-30,-90.97,CTO
1202,2020-03-31,-134.18,CTO
1203,2019-12-31,73.26,CTO
1204,2019-09-30,21.75,CTO
1205,2019-06-30,49.56,CTO
1206,2019-03-31,28.03,CTO
1207,2018-12-31,-55.20,CTO
1208,2018-09-30,15.80,CTO
1209,2018-06-30,9.59,CTO
1210,2018-03-31,-8.35,CTO
1211,2017-12-31,-37.08,CTO
1212,2017-09-30,-0.61,CTO
1213,2017-06-30,-1.33,CTO
1214,2017-03-31,5.91,CTO
1215,2016-12-31,-33.87,CTO
1216,2016-09-30,-7.60,CTO
1217,2016-06-30,13.72,CTO
1218,2016-03-31,-3.94,CTO
1219,2015-12-31,-35.42,CTO
1220,2015-09-30,-21.24,CTO
1221,2015-06-30,-1.58,CTO
1222,2015-03-31,-0.42,CTO
1223,2014-12-31,-27.62,CTO
1224,2014-09-30,-10.80,CTO
1225,2014-06-30,-14.79,CTO
1226,2014-03-31,-0.97,CTO
1227,2013-12-31,-2.72,CTO
1228,2013-09-30,-17.80,CTO
1229,2013-06-30,-13.39,CTO
1230,2013-03-31,-17.08,CTO
1231,2012-12-31,-13.16,CTO
1232,2012-09-30,3.08,CTO
1233,2012-06-30,3.21,CTO
1234,2012-03-31,0.71,CTO
1235,2011-12-31,-2.15,CTO
1236,2011-09-30,-0.96,CTO
1237,2011-06-30,-1.66,CTO
1238,2011-03-31,-0.59,CTO
1239,2010-12-31,-1.77,CTO
1240,2010-09-30,0.84,CTO
1241,2010-06-30,0.15,CTO
1242,2010-03-31,-0.20,CTO
1243,2009-12-31,-3.72,CTO
1244,2009-09-30,-1.08,CTO
1245,2009-06-30,-2.28,CTO
1246,2009-03-31,-2.28,CTO
1247,,,CSX
1248,2022-03-31,976.00,CSX
1249,2021-12-31,"3,837.00",CSX
1250,2021-09-30,"2,896.00",CSX
1251,2021-06-30,"1,872.00",CSX
1252,2021-03-31,926.00,CSX
1253,2020-12-31,"2,693.00",CSX
1254,2020-09-30,"1,970.00",CSX
1255,2020-06-30,"1,428.00",CSX
1256,2020-03-31,832.00,CSX
1257,2019-12-31,"3,447.00",CSX
1258,2019-09-30,"2,764.00",CSX
1259,2019-06-30,"1,644.00",CSX
1260,2019-03-31,868.00,CSX
1261,2018-12-31,"3,215.00",CSX
1262,2018-09-30,"2,423.00",CSX
1263,2018-06-30,"1,327.00",CSX
1264,2018-03-31,650.00,CSX
1265,2017-12-31,"1,529.00",CSX
1266,2017-09-30,"1,437.00",CSX
1267,2017-06-30,627.00,CSX
1268,2017-03-31,615.00,CSX
1269,2016-12-31,838.00,CSX
1270,2016-09-30,898.00,CSX
1271,2016-06-30,526.00,CSX
1272,2016-03-31,329.00,CSX
1273,2015-12-31,955.00,CSX
1274,2015-09-30,649.00,CSX
1275,2015-06-30,341.00,CSX
1276,2015-03-31,92.00,CSX
1277,2014-12-31,956.00,CSX
1278,2014-09-30,802.00,CSX
1279,2014-06-30,526.00,CSX
1280,2014-03-31,124.00,CSX
1281,2013-12-31,"1,007.00",CSX
1282,2013-09-30,812.00,CSX
1283,2013-06-30,494.00,CSX
1284,2013-03-31,240.00,CSX
1285,2012-12-31,791.00,CSX
1286,2012-09-30,474.00,CSX
1287,2012-06-30,68.00,CSX
1288,2012-03-31,-25.00,CSX
1289,2011-12-31,"1,434.00",CSX
1290,2011-09-30,"1,149.00",CSX
1291,2011-06-30,640.00,CSX
1292,2011-03-31,116.00,CSX
1293,2010-12-31,"1,529.00",CSX
1294,2010-09-30,"1,174.00",CSX
1295,2010-06-30,735.00,CSX
1296,2010-03-31,416.00,CSX
1297,2009-12-31,658.00,CSX
1298,2009-09-30,558.00,CSX
1299,2009-06-30,314.00,CSX
1300,2009-03-31,140.00,CSX
1301,,,VAL
1302,2021-12-31,-69.70,VAL
1303,2021-09-30,-41.20,VAL
1304,2021-06-30,-52.20,VAL
1305,2021-03-31,-34.00,VAL
1306,2020-12-31,-293.70,VAL
1307,2020-09-30,-435.10,VAL
1308,2020-06-30,-434.40,VAL
1309,2020-03-31,-230.30,VAL
1310,2019-12-31,-486.20,VAL
1311,2019-09-30,-596.80,VAL
1312,2019-06-30,-423.70,VAL
1313,2019-03-31,-53.10,VAL
1314,2018-12-31,,VAL
1315,,,CVBF
1316,2021-12-31,191.72,CVBF
1317,2021-09-30,135.46,CVBF
1318,2021-06-30,69.56,CVBF
1319,2021-03-31,47.43,CVBF
1320,2020-12-31,182.56,CVBF
1321,2020-09-30,137.71,CVBF
1322,2020-06-30,95.53,CVBF
1323,2020-03-31,74.65,CVBF
1324,2019-12-31,208.42,CVBF
1325,2019-09-30,149.84,CVBF
1326,2019-06-30,85.46,CVBF
1327,2019-03-31,58.48,CVBF
1328,2018-12-31,160.76,CVBF
1329,2018-09-30,113.08,CVBF
1330,2018-06-30,67.10,CVBF
1331,2018-03-31,53.35,CVBF
1332,2017-12-31,137.53,CVBF
1333,2017-09-30,107.16,CVBF
1334,2017-06-30,62.04,CVBF
1335,2017-03-31,56.15,CVBF
1336,2016-12-31,111.92,CVBF
1337,2016-09-30,95.87,CVBF
1338,2016-06-30,56.56,CVBF
1339,2016-03-31,30.42,CVBF
1340,2015-12-31,104.70,CVBF
1341,2015-09-30,84.12,CVBF
1342,2015-06-30,49.16,CVBF
1343,2015-03-31,27.96,CVBF
1344,2014-12-31,86.47,CVBF
1345,2014-09-30,65.18,CVBF
1346,2014-06-30,31.96,CVBF
1347,2014-03-31,28.65,CVBF
1348,2013-12-31,109.42,CVBF
1349,2013-09-30,70.73,CVBF
1350,2013-06-30,51.63,CVBF
1351,2013-03-31,7.27,CVBF
1352,2012-12-31,150.52,CVBF
1353,2012-09-30,111.90,CVBF
1354,2012-06-30,81.58,CVBF
1355,2012-03-31,33.86,CVBF
1356,2011-12-31,128.53,CVBF
1357,2011-09-30,95.30,CVBF
1358,2011-06-30,41.32,CVBF
1359,2011-03-31,27.33,CVBF
1360,2010-12-31,96.39,CVBF
1361,2010-09-30,63.35,CVBF
1362,2010-06-30,60.02,CVBF
1363,2010-03-31,40.14,CVBF
1364,2009-12-31,62.85,CVBF
1365,2009-09-30,66.35,CVBF
1366,2009-06-30,39.13,CVBF
1367,2009-03-31,32.93,CVBF
1368,,,HWM
1369,2021-12-31,282.00,HWM
1370,2021-09-30,16.00,HWM
1371,2021-06-30,-4.00,HWM
1372,2021-03-31,-61.00,HWM
1373,2020-12-31,-144.00,HWM
1374,2020-09-30,-248.00,HWM
1375,2020-06-30,-247.00,HWM
1376,2020-03-31,-246.00,HWM
1377,2019-12-31,-77.00,HWM
1378,2019-09-30,-488.00,HWM
1379,2019-06-30,-456.00,HWM
1380,2019-03-31,-422.00,HWM
1381,2018-12-31,-242.00,HWM
1382,2018-09-30,-699.00,HWM
1383,2018-06-30,-543.00,HWM
1384,2018-03-31,-553.00,HWM
1385,2017-12-31,-644.00,HWM
1386,2017-09-30,-742.00,HWM
1387,2017-06-30,-554.00,HWM
1388,2017-03-31,-508.00,HWM
1389,2016-12-31,-338.00,HWM
1390,2016-09-30,77.00,HWM
1391,2016-06-30,-77.00,HWM
1392,2016-03-31,-459.00,HWM
1393,2015-12-31,514.00,HWM
1394,2015-09-30,47.00,HWM
1395,2015-06-30,-158.00,HWM
1396,2015-03-31,-430.00,HWM
1397,2014-12-31,708.00,HWM
1398,2014-09-30,-528.00,HWM
1399,2014-06-30,-499.00,HWM
1400,2014-03-31,-760.00,HWM
1401,2013-12-31,398.00,HWM
1402,2013-09-30,-113.00,HWM
1403,2013-06-30,-77.00,HWM
1404,2013-03-31,-305.00,HWM
1405,2012-12-31,236.00,HWM
1406,2012-09-30,-299.00,HWM
1407,2012-06-30,-260.00,HWM
1408,2012-03-31,-506.00,HWM
1409,2011-12-31,906.00,HWM
1410,2011-09-30,250.00,HWM
1411,2011-06-30,86.00,HWM
1412,2011-03-31,-440.00,HWM
1413,2010-12-31,"1,246.00",HWM
1414,2010-09-30,241.00,HWM
1415,2010-06-30,65.00,HWM
1416,2010-03-31,-22.00,HWM
1417,2009-12-31,-257.00,HWM
1418,2009-09-30,"-1,018.00",HWM
1419,2009-06-30,-832.00,HWM
1420,2009-03-31,-742.00,HWM
1421,,,GOVX
1422,2021-12-31,-11.24,GOVX
1423,2021-09-30,-4.56,GOVX
1424,2021-06-30,-2.90,GOVX
1425,2021-03-31,-1.62,GOVX
1426,2020-12-31,-2.91,GOVX
1427,2020-09-30,-1.21,GOVX
1428,2020-06-30,-0.93,GOVX
1429,2020-03-31,-0.36,GOVX
1430,2019-12-31,-1.41,GOVX
1431,2019-09-30,-1.12,GOVX
1432,2019-06-30,-0.78,GOVX
1433,2019-03-31,-0.32,GOVX
1434,2018-12-31,-1.54,GOVX
1435,2018-09-30,-1.04,GOVX
1436,2018-06-30,-0.76,GOVX
1437,2018-03-31,-0.38,GOVX
1438,2017-12-31,-1.69,GOVX
1439,2017-09-30,-1.24,GOVX
1440,2017-06-30,-0.77,GOVX
1441,2017-03-31,-0.34,GOVX
1442,2016-12-31,-1.95,GOVX
1443,2016-09-30,-1.58,GOVX
1444,2016-06-30,-1.17,GOVX
1445,2016-03-31,-0.63,GOVX
1446,2015-12-31,-2.72,GOVX
1447,2015-09-30,-1.96,GOVX
1448,2015-06-30,-1.31,GOVX
1449,2015-03-31,-0.64,GOVX
1450,2014-12-31,-2.29,GOVX
1451,2014-09-30,-1.65,GOVX
1452,2014-06-30,-1.14,GOVX
1453,2014-03-31,-0.50,GOVX
1454,2013-12-31,-1.78,GOVX
1455,2013-09-30,-0.96,GOVX
1456,2013-06-30,-0.80,GOVX
1457,2013-03-31,-0.35,GOVX
1458,2012-12-31,-2.44,GOVX
1459,2012-09-30,-1.89,GOVX
1460,2012-06-30,-1.66,GOVX
1461,2012-03-31,-1.24,GOVX
1462,2011-12-31,-0.32,GOVX
1463,2011-09-30,-0.51,GOVX
1464,2011-06-30,-0.41,GOVX
1465,2011-03-31,-0.54,GOVX
1466,2010-12-31,-2.44,GOVX
1467,2010-09-30,-1.83,GOVX
1468,2010-06-30,-1.37,GOVX
1469,2010-03-31,-0.54,GOVX
1470,2009-12-31,-1.70,GOVX
1471,2009-09-30,-1.32,GOVX
1472,2009-06-30,-1.20,GOVX
1473,2009-03-31,-0.46,GOVX
1474,,,SDON
1475,2021-12-31,-0.03,SDON
1476,2021-09-30,-0.01,SDON
1477,2021-06-30,-0.01,SDON
1478,2021-03-31,,SDON
1479,2020-12-31,-0.04,SDON
1480,2020-09-30,-0.02,SDON
1481,2020-06-30,-0.02,SDON
1482,2020-03-31,-0.01,SDON
1483,2019-12-31,-0.02,SDON
1484,2019-09-30,-0.02,SDON
1485,2019-06-30,-14.63,SDON
1486,2019-03-31,-0.01,SDON
1487,2018-12-31,-0.02,SDON
1488,2018-09-30,-0.01,SDON
1489,2018-06-30,-0.01,SDON
1490,2018-03-31,-0.01,SDON
1491,2017-12-31,-0.02,SDON
1492,2017-09-30,-0.02,SDON
1493,2017-06-30,-0.02,SDON
1494,2017-03-31,-0.01,SDON
1495,2016-12-31,-0.02,SDON
1496,2016-09-30,-0.02,SDON
1497,2016-06-30,-0.01,SDON
1498,2016-03-31,-0.01,SDON
1499,2015-12-31,-0.02,SDON
1500,2015-09-30,-0.02,SDON
1501,2015-06-30,-0.01,SDON
1502,2015-03-31,-0.01,SDON
1503,2014-12-31,-0.02,SDON
1504,2014-09-30,-0.02,SDON
1505,2014-06-30,-0.02,SDON
1506,2014-03-31,-0.02,SDON
1507,2013-12-31,-0.01,SDON
1508,2013-09-30,-0.00,SDON
1509,2013-06-30,-0.00,SDON
1510,2013-03-31,0.00,SDON
1511,2012-12-31,-0.02,SDON
1512,2012-09-30,-0.02,SDON
1513,2012-06-30,-0.00,SDON
1514,2012-03-31,-0.00,SDON
1515,2011-12-31,-0.01,SDON
1516,2011-09-30,-0.01,SDON
1517,2011-06-30,-0.01,SDON
1518,2011-03-31,-0.00,SDON
1519,2010-12-31,-0.02,SDON
1520,2010-09-30,-0.01,SDON
1521,2010-06-30,-0.01,SDON
1522,2010-03-31,-0.00,SDON
1523,2009-12-31,-0.02,SDON
1524,2009-09-30,-0.01,SDON
1525,2009-06-30,-0.01,SDON
1526,2009-03-31,-0.00,SDON
1527,,,SUI
1528,2021-12-31,"-1,291.85",SUI
1529,2021-09-30,-677.44,SUI
1530,2021-06-30,-380.33,SUI
1531,2021-03-31,-55.47,SUI
1532,2020-12-31,"-1,873.24",SUI
1533,2020-09-30,-143.88,SUI
1534,2020-06-30,-21.09,SUI
1535,2020-03-31,-26.07,SUI
1536,2019-12-31,-503.87,SUI
1537,2019-09-30,-374.53,SUI
1538,2019-06-30,-282.49,SUI
1539,2019-03-31,-279.18,SUI
1540,2018-12-31,29.57,SUI
1541,2018-09-30,79.01,SUI
1542,2018-06-30,-200.83,SUI
1543,2018-03-31,15.31,SUI
1544,2017-12-31,-142.36,SUI
1545,2017-09-30,-40.83,SUI
1546,2017-06-30,-10.94,SUI
1547,2017-03-31,-2.33,SUI
1548,2016-12-31,"-1,376.16",SUI
1549,2016-09-30,"-1,350.56",SUI
1550,2016-06-30,"-1,336.63",SUI
1551,2016-03-31,7.19,SUI
1552,2015-12-31,-234.07,SUI
1553,2015-09-30,-260.82,SUI
1554,2015-06-30,-219.18,SUI
1555,2015-03-31,-129.39,SUI
1556,2014-12-31,-407.90,SUI
1557,2014-09-30,-95.88,SUI
1558,2014-06-30,-124.30,SUI
1559,2014-03-31,-93.34,SUI
1560,2013-12-31,-187.92,SUI
1561,2013-09-30,-128.32,SUI
1562,2013-06-30,-111.50,SUI
1563,2013-03-31,-9.88,SUI
1564,2012-12-31,-286.03,SUI
1565,2012-09-30,-30.88,SUI
1566,2012-06-30,-16.06,SUI
1567,2012-03-31,-7.28,SUI
1568,2011-12-31,-20.55,SUI
1569,2011-09-30,-14.74,SUI
1570,2011-06-30,-8.10,SUI
1571,2011-03-31,1.52,SUI
1572,2010-12-31,11.38,SUI
1573,2010-09-30,8.47,SUI
1574,2010-06-30,11.00,SUI
1575,2010-03-31,8.43,SUI
1576,2009-12-31,14.79,SUI
1577,2009-09-30,14.76,SUI
1578,2009-06-30,15.22,SUI
1579,2009-03-31,8.63,SUI
1580,,,DAR
1581,2021-12-31,434.94,DAR
1582,2021-09-30,264.12,DAR
1583,2021-06-30,174.91,DAR
1584,2021-03-31,79.68,DAR
1585,2020-12-31,347.33,DAR
1586,2020-09-30,286.79,DAR
1587,2020-06-30,141.50,DAR
1588,2020-03-31,-26.67,DAR
1589,2019-12-31,21.36,DAR
1590,2019-09-30,32.99,DAR
1591,2019-06-30,-3.75,DAR
1592,2019-03-31,-27.80,DAR
1593,2018-12-31,96.05,DAR
1594,2018-09-30,-10.67,DAR
1595,2018-06-30,-8.84,DAR
1596,2018-03-31,-28.18,DAR
1597,2017-12-31,144.36,DAR
1598,2017-09-30,77.28,DAR
1599,2017-06-30,73.32,DAR
1600,2017-03-31,33.51,DAR
1601,2016-12-31,154.80,DAR
1602,2016-09-30,116.83,DAR
1603,2016-06-30,61.23,DAR
1604,2016-03-31,-6.91,DAR
1605,2015-12-31,194.95,DAR
1606,2015-09-30,136.86,DAR
1607,2015-06-30,90.31,DAR
1608,2015-03-31,8.94,DAR
1609,2014-12-31,55.52,DAR
1610,2014-09-30,28.12,DAR
1611,2014-06-30,-60.20,DAR
1612,2014-03-31,-80.54,DAR
1613,2013-12-31,94.77,DAR
1614,2013-09-30,84.65,DAR
1615,2013-06-30,75.78,DAR
1616,2013-03-31,33.50,DAR
1617,2012-12-31,137.99,DAR
1618,2012-09-30,115.41,DAR
1619,2012-06-30,90.98,DAR
1620,2012-03-31,31.11,DAR
1621,2011-12-31,182.24,DAR
1622,2011-09-30,131.15,DAR
1623,2011-06-30,91.30,DAR
1624,2011-03-31,68.22,DAR
1625,2010-12-31,57.41,DAR
1626,2010-09-30,32.41,DAR
1627,2010-06-30,17.33,DAR
1628,2010-03-31,10.22,DAR
1629,2009-12-31,57.46,DAR
1630,2009-09-30,37.21,DAR
1631,2009-06-30,22.15,DAR
1632,2009-03-31,1.30,DAR
